=== [Nodo-3] Iniciando sistema distribuido Steam ===
Conexión con la BD exitosa!
 || cargado:   || 550 - Left 4 Dead 2                                               || cargado:   || 570 - Dota 2                                                     
 || cargado:   || 730 - Counter-Strike 2                                            || cargado:   || 105600 - Terraria                                                
 || cargado:   || 252490 - Rust                                                     || cargado:   || 271590 - Grand Theft Auto V Enhanced                             
 || cargado:   || 292030 - The Witcher 3: Wild Hunt                                 || cargado:   || 319510 - Five Nights at Freddy's                                 
 || cargado:   || 413150 - Stardew Valley                                           || cargado:   || 1091500 - Cyberpunk 2077                                         
 || cargado:   || 1245620 - ELDEN RING                                             
JUEGOS CARGADOS
 || cargado:   || au - Australia                                                    || cargado:   || br - Brasil                                                      
 || cargado:   || ca - Canada                                                       || cargado:   || cl - Chile                                                       
 || cargado:   || cn - China                                                        || cargado:   || es - Espana                                                      
 || cargado:   || in - India                                                        || cargado:   || mx - Mexico                                                      
 || cargado:   || pe - Perú                                                         || cargado:   || tr - Turquia                                                     
 || cargado:   || us - Estados Unidos                                              
PAÍSES CARGADOS
 || cargado:   || AUD - 0.65                                                        || cargado:   || BRL - 0.19                                                       
 || cargado:   || CAD - 0.73                                                        || cargado:   || CLP - 0.0011                                                     
 || cargado:   || CNY - 0.14                                                        || cargado:   || EUR - 1.08                                                       
 || cargado:   || INR - 0.012                                                       || cargado:   || MXN - 0.059                                                      
 || cargado:   || PEN - 0.27                                                        || cargado:   || TRY - 0.031                                                      
 || cargado:   || USD - 1.0                                                        
MONEDAS CARGADAS
[RegistroNodos] Nodos cargados: 3
[HB][Nodo-3] GestorLatidos iniciado.
[EscuchadorNodos][Nodo-3] Escuchando pares en puerto 6002
[Nodo-3] Iniciando elección inicial...
[LAMPORT][Nodo-3] t=1  evento=TICK (envio)
[Nodo-3] Esperando clientes en puerto 5002...
[BULLY][Nodo-3] INICIANDO ELECCION (ronda=1, lamport=1)
[LAMPORT][Nodo-3] t=2  evento=TICK (envio)
[BULLY][Nodo-3] SOY EL NUEVO COORDINADOR (lamport=2)
[LAMPORT][Nodo-3] t=3  evento=TICK (envio)
[LAMPORT][Nodo-3] t=4  evento=TICK (envio)
[LAMPORT][Nodo-3] t=21  evento=UPDATE (recepcion, remoto=20)
[LAMPORT][Nodo-3] t=23  evento=UPDATE (recepcion, remoto=22)
[LAMPORT][Nodo-3] t=24  evento=TICK (envio)
[LAMPORT][Nodo-3] t=27  evento=UPDATE (recepcion, remoto=26)
[LAMPORT][Nodo-3] t=29  evento=UPDATE (recepcion, remoto=28)
[LAMPORT][Nodo-3] t=30  evento=TICK (envio)
[LAMPORT][Nodo-3] t=33  evento=UPDATE (recepcion, remoto=32)
[LAMPORT][Nodo-3] t=35  evento=UPDATE (recepcion, remoto=34)
[LAMPORT][Nodo-3] t=36  evento=TICK (envio)
[LAMPORT][Nodo-3] t=39  evento=UPDATE (recepcion, remoto=38)
[LAMPORT][Nodo-3] t=41  evento=UPDATE (recepcion, remoto=40)
[LAMPORT][Nodo-3] t=42  evento=TICK (envio)
[LAMPORT][Nodo-3] t=45  evento=UPDATE (recepcion, remoto=44)
[LAMPORT][Nodo-3] t=47  evento=UPDATE (recepcion, remoto=46)
[LAMPORT][Nodo-3] t=48  evento=TICK (envio)
[LAMPORT][Nodo-3] t=51  evento=UPDATE (recepcion, remoto=50)
[LAMPORT][Nodo-3] t=53  evento=UPDATE (recepcion, remoto=52)
[LAMPORT][Nodo-3] t=54  evento=TICK (envio)
[LAMPORT][Nodo-3] t=57  evento=UPDATE (recepcion, remoto=56)
[LAMPORT][Nodo-3] t=59  evento=UPDATE (recepcion, remoto=58)
[LAMPORT][Nodo-3] t=60  evento=TICK (envio)
[LAMPORT][Nodo-3] t=63  evento=UPDATE (recepcion, remoto=62)
[LAMPORT][Nodo-3] t=65  evento=UPDATE (recepcion, remoto=64)
[LAMPORT][Nodo-3] t=66  evento=TICK (envio)
[LAMPORT][Nodo-3] t=243  evento=UPDATE (recepcion, remoto=242)
[RA][Nodo-3] SOLICITUD RA recibida de Nodo-1 (ts=242)
[LAMPORT][Nodo-3] t=244  evento=TICK (envio)
[LAMPORT][Nodo-3] t=249  evento=UPDATE (recepcion, remoto=248)
[RA][Nodo-3] SOLICITUD RA recibida de Nodo-1 (ts=248)
[LAMPORT][Nodo-3] t=250  evento=TICK (envio)
[LAMPORT][Nodo-3] t=255  evento=UPDATE (recepcion, remoto=254)
[RA][Nodo-3] SOLICITUD RA recibida de Nodo-1 (ts=254)
[LAMPORT][Nodo-3] t=256  evento=TICK (envio)
[LAMPORT][Nodo-3] t=265  evento=UPDATE (recepcion, remoto=264)
[RA][Nodo-3] SOLICITUD RA recibida de Nodo-1 (ts=264)
[LAMPORT][Nodo-3] t=266  evento=TICK (envio)
[LAMPORT][Nodo-3] t=267  evento=UPDATE (recepcion, remoto=266)
[RA][Nodo-3] SOLICITUD RA recibida de Nodo-1 (ts=266)
[LAMPORT][Nodo-3] t=268  evento=TICK (envio)
[LAMPORT][Nodo-3] t=270  evento=UPDATE (recepcion, remoto=269)
[RA][Nodo-3] SOLICITUD RA recibida de Nodo-1 (ts=269)
[LAMPORT][Nodo-3] t=271  evento=TICK (envio)
[LAMPORT][Nodo-3] t=277  evento=UPDATE (recepcion, remoto=276)
[RA][Nodo-3] SOLICITUD RA recibida de Nodo-1 (ts=276)
[LAMPORT][Nodo-3] t=278  evento=TICK (envio)
[LAMPORT][Nodo-3] t=318  evento=UPDATE (recepcion, remoto=317)
[RA][Nodo-3] SOLICITUD RA recibida de Nodo-1 (ts=317)
[LAMPORT][Nodo-3] t=319  evento=TICK (envio)
[LAMPORT][Nodo-3] t=334  evento=UPDATE (recepcion, remoto=333)
[RA][Nodo-3] SOLICITUD RA recibida de Nodo-1 (ts=333)
[LAMPORT][Nodo-3] t=335  evento=TICK (envio)
[LAMPORT][Nodo-3] t=336  evento=UPDATE (recepcion, remoto=333)
[RA][Nodo-3] SOLICITUD RA recibida de Nodo-1 (ts=333)
[LAMPORT][Nodo-3] t=337  evento=TICK (envio)
[LAMPORT][Nodo-3] t=346  evento=UPDATE (recepcion, remoto=345)
[RA][Nodo-3] SOLICITUD RA recibida de Nodo-1 (ts=345)
[LAMPORT][Nodo-3] t=347  evento=TICK (envio)
[LAMPORT][Nodo-3] t=352  evento=UPDATE (recepcion, remoto=351)
[RA][Nodo-3] SOLICITUD RA recibida de Nodo-1 (ts=351)
[LAMPORT][Nodo-3] t=353  evento=TICK (envio)
[LAMPORT][Nodo-3] t=354  evento=UPDATE (recepcion, remoto=353)
[RA][Nodo-3] SOLICITUD RA recibida de Nodo-1 (ts=353)
[LAMPORT][Nodo-3] t=355  evento=TICK (envio)
[LAMPORT][Nodo-3] t=366  evento=UPDATE (recepcion, remoto=365)
[RA][Nodo-3] SOLICITUD RA recibida de Nodo-1 (ts=365)
[LAMPORT][Nodo-3] t=367  evento=TICK (envio)
[LAMPORT][Nodo-3] t=376  evento=UPDATE (recepcion, remoto=375)
[RA][Nodo-3] SOLICITUD RA recibida de Nodo-1 (ts=375)
[LAMPORT][Nodo-3] t=377  evento=TICK (envio)
[LAMPORT][Nodo-3] t=399  evento=UPDATE (recepcion, remoto=398)
[RA][Nodo-3] SOLICITUD RA recibida de Nodo-1 (ts=398)
[LAMPORT][Nodo-3] t=400  evento=UPDATE (recepcion, remoto=398)
[RA][Nodo-3] SOLICITUD RA recibida de Nodo-1 (ts=398)
[LAMPORT][Nodo-3] t=401  evento=TICK (envio)
[LAMPORT][Nodo-3] t=402  evento=TICK (envio)
[LAMPORT][Nodo-3] t=411  evento=UPDATE (recepcion, remoto=410)
[RA][Nodo-3] SOLICITUD RA recibida de Nodo-1 (ts=410)
[LAMPORT][Nodo-3] t=412  evento=TICK (envio)
[LAMPORT][Nodo-3] t=413  evento=UPDATE (recepcion, remoto=410)
[RA][Nodo-3] SOLICITUD RA recibida de Nodo-1 (ts=410)
[LAMPORT][Nodo-3] t=414  evento=TICK (envio)
[LAMPORT][Nodo-3] t=420  evento=UPDATE (recepcion, remoto=419)
[RA][Nodo-3] SOLICITUD RA recibida de Nodo-1 (ts=419)
[LAMPORT][Nodo-3] t=421  evento=TICK (envio)
[LAMPORT][Nodo-3] t=429  evento=UPDATE (recepcion, remoto=428)
[RA][Nodo-3] SOLICITUD RA recibida de Nodo-1 (ts=428)
[LAMPORT][Nodo-3] t=430  evento=TICK (envio)
[LAMPORT][Nodo-3] t=432  evento=UPDATE (recepcion, remoto=431)
[RA][Nodo-3] SOLICITUD RA recibida de Nodo-1 (ts=431)
[LAMPORT][Nodo-3] t=433  evento=TICK (envio)
[LAMPORT][Nodo-3] t=441  evento=UPDATE (recepcion, remoto=440)
[RA][Nodo-3] SOLICITUD RA recibida de Nodo-1 (ts=440)
[LAMPORT][Nodo-3] t=442  evento=TICK (envio)
[LAMPORT][Nodo-3] t=454  evento=UPDATE (recepcion, remoto=453)
[RA][Nodo-3] SOLICITUD RA recibida de Nodo-1 (ts=453)
[LAMPORT][Nodo-3] t=455  evento=TICK (envio)
[LAMPORT][Nodo-3] t=456  evento=UPDATE (recepcion, remoto=453)
[RA][Nodo-3] SOLICITUD RA recibida de Nodo-1 (ts=453)
[LAMPORT][Nodo-3] t=457  evento=TICK (envio)
[LAMPORT][Nodo-3] t=462  evento=UPDATE (recepcion, remoto=461)
[RA][Nodo-3] SOLICITUD RA recibida de Nodo-1 (ts=461)
[LAMPORT][Nodo-3] t=463  evento=TICK (envio)
[LAMPORT][Nodo-3] t=475  evento=UPDATE (recepcion, remoto=474)
[RA][Nodo-3] SOLICITUD RA recibida de Nodo-1 (ts=474)
[LAMPORT][Nodo-3] t=476  evento=UPDATE (recepcion, remoto=474)
[RA][Nodo-3] SOLICITUD RA recibida de Nodo-1 (ts=474)
[LAMPORT][Nodo-3] t=477  evento=TICK (envio)
[LAMPORT][Nodo-3] t=478  evento=TICK (envio)
[LAMPORT][Nodo-3] t=483  evento=UPDATE (recepcion, remoto=482)
[RA][Nodo-3] SOLICITUD RA recibida de Nodo-1 (ts=482)
[LAMPORT][Nodo-3] t=484  evento=TICK (envio)
[LAMPORT][Nodo-3] t=490  evento=UPDATE (recepcion, remoto=489)
[RA][Nodo-3] SOLICITUD RA recibida de Nodo-1 (ts=489)
[LAMPORT][Nodo-3] t=491  evento=TICK (envio)
[LAMPORT][Nodo-3] t=503  evento=UPDATE (recepcion, remoto=502)
[RA][Nodo-3] SOLICITUD RA recibida de Nodo-1 (ts=502)
[LAMPORT][Nodo-3] t=504  evento=TICK (envio)
[LAMPORT][Nodo-3] t=512  evento=UPDATE (recepcion, remoto=511)
[RA][Nodo-3] SOLICITUD RA recibida de Nodo-1 (ts=511)
[LAMPORT][Nodo-3] t=513  evento=TICK (envio)
[LAMPORT][Nodo-3] t=519  evento=UPDATE (recepcion, remoto=518)
[RA][Nodo-3] SOLICITUD RA recibida de Nodo-1 (ts=518)
[LAMPORT][Nodo-3] t=520  evento=TICK (envio)
[LAMPORT][Nodo-3] t=521  evento=UPDATE (recepcion, remoto=520)
[RA][Nodo-3] SOLICITUD RA recibida de Nodo-1 (ts=520)
[LAMPORT][Nodo-3] t=522  evento=TICK (envio)
[LAMPORT][Nodo-3] t=528  evento=UPDATE (recepcion, remoto=527)
[RA][Nodo-3] SOLICITUD RA recibida de Nodo-1 (ts=527)
[LAMPORT][Nodo-3] t=529  evento=TICK (envio)
[LAMPORT][Nodo-3] t=533  evento=UPDATE (recepcion, remoto=532)
[RA][Nodo-3] SOLICITUD RA recibida de Nodo-1 (ts=532)
[LAMPORT][Nodo-3] t=534  evento=TICK (envio)
[LAMPORT][Nodo-3] t=542  evento=UPDATE (recepcion, remoto=541)
[RA][Nodo-3] SOLICITUD RA recibida de Nodo-1 (ts=541)
[LAMPORT][Nodo-3] t=543  evento=TICK (envio)
[LAMPORT][Nodo-3] t=565  evento=UPDATE (recepcion, remoto=564)
[RA][Nodo-3] SOLICITUD RA recibida de Nodo-1 (ts=564)
[LAMPORT][Nodo-3] t=566  evento=TICK (envio)
[LAMPORT][Nodo-3] t=568  evento=UPDATE (recepcion, remoto=567)
[RA][Nodo-3] SOLICITUD RA recibida de Nodo-1 (ts=567)
[LAMPORT][Nodo-3] t=569  evento=TICK (envio)
[LAMPORT][Nodo-3] t=589  evento=UPDATE (recepcion, remoto=588)
[RA][Nodo-3] SOLICITUD RA recibida de Nodo-1 (ts=588)
[LAMPORT][Nodo-3] t=590  evento=TICK (envio)
[LAMPORT][Nodo-3] t=605  evento=UPDATE (recepcion, remoto=604)
[RA][Nodo-3] SOLICITUD RA recibida de Nodo-1 (ts=604)
[LAMPORT][Nodo-3] t=606  evento=TICK (envio)
[LAMPORT][Nodo-3] t=624  evento=UPDATE (recepcion, remoto=623)
[RA][Nodo-3] SOLICITUD RA recibida de Nodo-1 (ts=623)
[LAMPORT][Nodo-3] t=625  evento=TICK (envio)
[LAMPORT][Nodo-3] t=635  evento=UPDATE (recepcion, remoto=634)
[RA][Nodo-3] SOLICITUD RA recibida de Nodo-1 (ts=634)
[LAMPORT][Nodo-3] t=636  evento=TICK (envio)
[LAMPORT][Nodo-3] t=637  evento=UPDATE (recepcion, remoto=634)
[RA][Nodo-3] SOLICITUD RA recibida de Nodo-1 (ts=634)
[LAMPORT][Nodo-3] t=638  evento=TICK (envio)
[LAMPORT][Nodo-3] t=647  evento=UPDATE (recepcion, remoto=646)
[RA][Nodo-3] SOLICITUD RA recibida de Nodo-1 (ts=646)
[LAMPORT][Nodo-3] t=648  evento=TICK (envio)
[LAMPORT][Nodo-3] t=653  evento=UPDATE (recepcion, remoto=652)
[RA][Nodo-3] SOLICITUD RA recibida de Nodo-1 (ts=652)
[LAMPORT][Nodo-3] t=654  evento=TICK (envio)
[LAMPORT][Nodo-3] t=666  evento=UPDATE (recepcion, remoto=665)
[RA][Nodo-3] SOLICITUD RA recibida de Nodo-1 (ts=665)
[LAMPORT][Nodo-3] t=667  evento=TICK (envio)
[LAMPORT][Nodo-3] t=688  evento=UPDATE (recepcion, remoto=687)
[RA][Nodo-3] SOLICITUD RA recibida de Nodo-1 (ts=687)
[LAMPORT][Nodo-3] t=689  evento=TICK (envio)
[LAMPORT][Nodo-3] t=695  evento=UPDATE (recepcion, remoto=694)
[RA][Nodo-3] SOLICITUD RA recibida de Nodo-1 (ts=694)
[LAMPORT][Nodo-3] t=696  evento=TICK (envio)
[LAMPORT][Nodo-3] t=698  evento=UPDATE (recepcion, remoto=697)
[RA][Nodo-3] SOLICITUD RA recibida de Nodo-1 (ts=697)
[LAMPORT][Nodo-3] t=699  evento=TICK (envio)
[LAMPORT][Nodo-3] t=712  evento=UPDATE (recepcion, remoto=711)
[RA][Nodo-3] SOLICITUD RA recibida de Nodo-1 (ts=711)
[LAMPORT][Nodo-3] t=713  evento=TICK (envio)
[LAMPORT][Nodo-3] t=723  evento=UPDATE (recepcion, remoto=722)
[RA][Nodo-3] SOLICITUD RA recibida de Nodo-1 (ts=722)
[LAMPORT][Nodo-3] t=724  evento=TICK (envio)
[LAMPORT][Nodo-3] t=742  evento=UPDATE (recepcion, remoto=741)
[RA][Nodo-3] SOLICITUD RA recibida de Nodo-1 (ts=741)
[LAMPORT][Nodo-3] t=743  evento=TICK (envio)
[LAMPORT][Nodo-3] t=753  evento=UPDATE (recepcion, remoto=752)
[RA][Nodo-3] SOLICITUD RA recibida de Nodo-1 (ts=752)
[LAMPORT][Nodo-3] t=754  evento=TICK (envio)
[LAMPORT][Nodo-3] t=762  evento=UPDATE (recepcion, remoto=761)
[RA][Nodo-3] SOLICITUD RA recibida de Nodo-1 (ts=761)
[LAMPORT][Nodo-3] t=763  evento=TICK (envio)
[LAMPORT][Nodo-3] t=797  evento=UPDATE (recepcion, remoto=796)
[RA][Nodo-3] SOLICITUD RA recibida de Nodo-1 (ts=796)
[LAMPORT][Nodo-3] t=798  evento=TICK (envio)
[LAMPORT][Nodo-3] t=816  evento=UPDATE (recepcion, remoto=815)
[RA][Nodo-3] SOLICITUD RA recibida de Nodo-1 (ts=815)
[LAMPORT][Nodo-3] t=817  evento=TICK (envio)
[LAMPORT][Nodo-3] t=818  evento=UPDATE (recepcion, remoto=817)
[RA][Nodo-3] SOLICITUD RA recibida de Nodo-1 (ts=817)
[LAMPORT][Nodo-3] t=819  evento=TICK (envio)
[LAMPORT][Nodo-3] t=833  evento=UPDATE (recepcion, remoto=832)
[RA][Nodo-3] SOLICITUD RA recibida de Nodo-1 (ts=832)
[LAMPORT][Nodo-3] t=834  evento=TICK (envio)
[LAMPORT][Nodo-3] t=835  evento=UPDATE (recepcion, remoto=834)
[RA][Nodo-3] SOLICITUD RA recibida de Nodo-1 (ts=834)
[LAMPORT][Nodo-3] t=836  evento=TICK (envio)
[LAMPORT][Nodo-3] t=849  evento=UPDATE (recepcion, remoto=848)
[RA][Nodo-3] SOLICITUD RA recibida de Nodo-1 (ts=848)
[LAMPORT][Nodo-3] t=850  evento=TICK (envio)
[LAMPORT][Nodo-3] t=865  evento=UPDATE (recepcion, remoto=864)
[RA][Nodo-3] SOLICITUD RA recibida de Nodo-1 (ts=864)
[LAMPORT][Nodo-3] t=866  evento=TICK (envio)
[LAMPORT][Nodo-3] t=867  evento=UPDATE (recepcion, remoto=864)
[RA][Nodo-3] SOLICITUD RA recibida de Nodo-1 (ts=864)
[LAMPORT][Nodo-3] t=868  evento=TICK (envio)
[LAMPORT][Nodo-3] t=883  evento=UPDATE (recepcion, remoto=882)
[RA][Nodo-3] SOLICITUD RA recibida de Nodo-1 (ts=882)
[LAMPORT][Nodo-3] t=884  evento=TICK (envio)
[LAMPORT][Nodo-3] t=900  evento=UPDATE (recepcion, remoto=899)
[RA][Nodo-3] SOLICITUD RA recibida de Nodo-1 (ts=899)
[LAMPORT][Nodo-3] t=901  evento=TICK (envio)
[LAMPORT][Nodo-3] t=903  evento=UPDATE (recepcion, remoto=902)
[RA][Nodo-3] SOLICITUD RA recibida de Nodo-1 (ts=902)
[LAMPORT][Nodo-3] t=904  evento=TICK (envio)
[LAMPORT][Nodo-3] t=906  evento=UPDATE (recepcion, remoto=905)
[RA][Nodo-3] SOLICITUD RA recibida de Nodo-1 (ts=905)
[LAMPORT][Nodo-3] t=907  evento=TICK (envio)
[LAMPORT][Nodo-3] t=924  evento=UPDATE (recepcion, remoto=923)
[RA][Nodo-3] SOLICITUD RA recibida de Nodo-1 (ts=923)
[LAMPORT][Nodo-3] t=925  evento=TICK (envio)
[LAMPORT][Nodo-3] t=926  evento=UPDATE (recepcion, remoto=923)
[RA][Nodo-3] SOLICITUD RA recibida de Nodo-1 (ts=923)
[LAMPORT][Nodo-3] t=927  evento=TICK (envio)
[LAMPORT][Nodo-3] t=939  evento=UPDATE (recepcion, remoto=938)
[RA][Nodo-3] SOLICITUD RA recibida de Nodo-1 (ts=938)
[LAMPORT][Nodo-3] t=940  evento=TICK (envio)
[LAMPORT][Nodo-3] t=941  evento=UPDATE (recepcion, remoto=938)
[RA][Nodo-3] SOLICITUD RA recibida de Nodo-1 (ts=938)
[LAMPORT][Nodo-3] t=942  evento=TICK (envio)
[LAMPORT][Nodo-3] t=945  evento=UPDATE (recepcion, remoto=944)
[RA][Nodo-3] SOLICITUD RA recibida de Nodo-1 (ts=944)
[LAMPORT][Nodo-3] t=946  evento=TICK (envio)
[LAMPORT][Nodo-3] t=958  evento=UPDATE (recepcion, remoto=957)
[RA][Nodo-3] SOLICITUD RA recibida de Nodo-1 (ts=957)
[LAMPORT][Nodo-3] t=959  evento=TICK (envio)
[LAMPORT][Nodo-3] t=960  evento=UPDATE (recepcion, remoto=957)
[RA][Nodo-3] SOLICITUD RA recibida de Nodo-1 (ts=957)
[LAMPORT][Nodo-3] t=961  evento=TICK (envio)
[LAMPORT][Nodo-3] t=974  evento=UPDATE (recepcion, remoto=973)
[RA][Nodo-3] SOLICITUD RA recibida de Nodo-1 (ts=973)
[LAMPORT][Nodo-3] t=975  evento=TICK (envio)
[LAMPORT][Nodo-3] t=976  evento=UPDATE (recepcion, remoto=973)
[RA][Nodo-3] SOLICITUD RA recibida de Nodo-1 (ts=973)
[LAMPORT][Nodo-3] t=977  evento=TICK (envio)
[LAMPORT][Nodo-3] t=978  evento=UPDATE (recepcion, remoto=973)
[RA][Nodo-3] SOLICITUD RA recibida de Nodo-1 (ts=973)
[LAMPORT][Nodo-3] t=979  evento=TICK (envio)
[LAMPORT][Nodo-3] t=995  evento=UPDATE (recepcion, remoto=994)
[RA][Nodo-3] SOLICITUD RA recibida de Nodo-1 (ts=994)
[LAMPORT][Nodo-3] t=996  evento=TICK (envio)
[LAMPORT][Nodo-3] t=1007  evento=UPDATE (recepcion, remoto=1006)
[RA][Nodo-3] SOLICITUD RA recibida de Nodo-1 (ts=1006)
[LAMPORT][Nodo-3] t=1008  evento=TICK (envio)
[LAMPORT][Nodo-3] t=1028  evento=UPDATE (recepcion, remoto=1027)
[RA][Nodo-3] SOLICITUD RA recibida de Nodo-1 (ts=1027)
[LAMPORT][Nodo-3] t=1029  evento=TICK (envio)
[LAMPORT][Nodo-3] t=1040  evento=UPDATE (recepcion, remoto=1039)
[RA][Nodo-3] SOLICITUD RA recibida de Nodo-1 (ts=1039)
[LAMPORT][Nodo-3] t=1041  evento=TICK (envio)
[LAMPORT][Nodo-3] t=1045  evento=UPDATE (recepcion, remoto=1044)
[RA][Nodo-3] SOLICITUD RA recibida de Nodo-1 (ts=1044)
[LAMPORT][Nodo-3] t=1046  evento=TICK (envio)
[LAMPORT][Nodo-3] t=1061  evento=UPDATE (recepcion, remoto=1060)
[RA][Nodo-3] SOLICITUD RA recibida de Nodo-1 (ts=1060)
[LAMPORT][Nodo-3] t=1062  evento=TICK (envio)
[LAMPORT][Nodo-3] t=1070  evento=UPDATE (recepcion, remoto=1069)
[RA][Nodo-3] SOLICITUD RA recibida de Nodo-1 (ts=1069)
[LAMPORT][Nodo-3] t=1071  evento=TICK (envio)
[LAMPORT][Nodo-3] t=1072  evento=UPDATE (recepcion, remoto=1071)
[RA][Nodo-3] SOLICITUD RA recibida de Nodo-1 (ts=1071)
[LAMPORT][Nodo-3] t=1073  evento=TICK (envio)
[LAMPORT][Nodo-3] t=1083  evento=UPDATE (recepcion, remoto=1082)
[RA][Nodo-3] SOLICITUD RA recibida de Nodo-1 (ts=1082)
[LAMPORT][Nodo-3] t=1084  evento=TICK (envio)
[LAMPORT][Nodo-3] t=1104  evento=UPDATE (recepcion, remoto=1103)
[RA][Nodo-3] SOLICITUD RA recibida de Nodo-1 (ts=1103)
[LAMPORT][Nodo-3] t=1105  evento=TICK (envio)
[LAMPORT][Nodo-3] t=1120  evento=UPDATE (recepcion, remoto=1119)
[RA][Nodo-3] SOLICITUD RA recibida de Nodo-1 (ts=1119)
[LAMPORT][Nodo-3] t=1121  evento=TICK (envio)
[LAMPORT][Nodo-3] t=1130  evento=UPDATE (recepcion, remoto=1129)
[RA][Nodo-3] SOLICITUD RA recibida de Nodo-1 (ts=1129)
[LAMPORT][Nodo-3] t=1131  evento=TICK (envio)
[LAMPORT][Nodo-3] t=1142  evento=UPDATE (recepcion, remoto=1141)
[RA][Nodo-3] SOLICITUD RA recibida de Nodo-1 (ts=1141)
[LAMPORT][Nodo-3] t=1143  evento=TICK (envio)
[LAMPORT][Nodo-3] t=1150  evento=UPDATE (recepcion, remoto=1149)
[RA][Nodo-3] SOLICITUD RA recibida de Nodo-1 (ts=1149)
[LAMPORT][Nodo-3] t=1151  evento=TICK (envio)
[LAMPORT][Nodo-3] t=1162  evento=UPDATE (recepcion, remoto=1161)
[RA][Nodo-3] SOLICITUD RA recibida de Nodo-1 (ts=1161)
[LAMPORT][Nodo-3] t=1163  evento=UPDATE (recepcion, remoto=1161)
[RA][Nodo-3] SOLICITUD RA recibida de Nodo-1 (ts=1161)
[LAMPORT][Nodo-3] t=1164  evento=TICK (envio)
[LAMPORT][Nodo-3] t=1165  evento=TICK (envio)
[LAMPORT][Nodo-3] t=1177  evento=UPDATE (recepcion, remoto=1176)
[RA][Nodo-3] SOLICITUD RA recibida de Nodo-1 (ts=1176)
[LAMPORT][Nodo-3] t=1178  evento=TICK (envio)
[LAMPORT][Nodo-3] t=1184  evento=UPDATE (recepcion, remoto=1183)
[RA][Nodo-3] SOLICITUD RA recibida de Nodo-1 (ts=1183)
[LAMPORT][Nodo-3] t=1185  evento=TICK (envio)
[LAMPORT][Nodo-3] t=1197  evento=UPDATE (recepcion, remoto=1196)
[RA][Nodo-3] SOLICITUD RA recibida de Nodo-1 (ts=1196)
[LAMPORT][Nodo-3] t=1198  evento=TICK (envio)
[LAMPORT][Nodo-3] t=1199  evento=UPDATE (recepcion, remoto=1198)
[RA][Nodo-3] SOLICITUD RA recibida de Nodo-1 (ts=1198)
[LAMPORT][Nodo-3] t=1200  evento=TICK (envio)
[LAMPORT][Nodo-3] t=1227  evento=UPDATE (recepcion, remoto=1226)
[RA][Nodo-3] SOLICITUD RA recibida de Nodo-1 (ts=1226)
[LAMPORT][Nodo-3] t=1228  evento=TICK (envio)
[LAMPORT][Nodo-3] t=1229  evento=UPDATE (recepcion, remoto=1226)
[RA][Nodo-3] SOLICITUD RA recibida de Nodo-1 (ts=1226)
[LAMPORT][Nodo-3] t=1230  evento=TICK (envio)
[LAMPORT][Nodo-3] t=1237  evento=UPDATE (recepcion, remoto=1236)
[LAMPORT][Nodo-3] t=1253  evento=UPDATE (recepcion, remoto=1252)
[RA][Nodo-3] SOLICITUD RA recibida de Nodo-1 (ts=1252)
[LAMPORT][Nodo-3] t=1254  evento=TICK (envio)
[LAMPORT][Nodo-3] t=1259  evento=UPDATE (recepcion, remoto=1258)
[RA][Nodo-3] SOLICITUD RA recibida de Nodo-1 (ts=1258)
[LAMPORT][Nodo-3] t=1260  evento=TICK (envio)
[LAMPORT][Nodo-3] t=1269  evento=UPDATE (recepcion, remoto=1268)
[RA][Nodo-3] SOLICITUD RA recibida de Nodo-1 (ts=1268)
[LAMPORT][Nodo-3] t=1270  evento=TICK (envio)
[LAMPORT][Nodo-3] t=1272  evento=UPDATE (recepcion, remoto=1271)
[RA][Nodo-3] SOLICITUD RA recibida de Nodo-1 (ts=1271)
[LAMPORT][Nodo-3] t=1273  evento=TICK (envio)
[LAMPORT][Nodo-3] t=1281  evento=UPDATE (recepcion, remoto=1280)
[RA][Nodo-3] SOLICITUD RA recibida de Nodo-1 (ts=1280)
[LAMPORT][Nodo-3] t=1282  evento=TICK (envio)
[LAMPORT][Nodo-3] t=1283  evento=UPDATE (recepcion, remoto=1282)
[RA][Nodo-3] SOLICITUD RA recibida de Nodo-1 (ts=1282)
[LAMPORT][Nodo-3] t=1284  evento=TICK (envio)
[LAMPORT][Nodo-3] t=1293  evento=UPDATE (recepcion, remoto=1292)
[RA][Nodo-3] SOLICITUD RA recibida de Nodo-1 (ts=1292)
[LAMPORT][Nodo-3] t=1294  evento=TICK (envio)
[LAMPORT][Nodo-3] t=1296  evento=UPDATE (recepcion, remoto=1295)
[LAMPORT][Nodo-3] t=1306  evento=UPDATE (recepcion, remoto=1305)
[RA][Nodo-3] SOLICITUD RA recibida de Nodo-1 (ts=1305)
[LAMPORT][Nodo-3] t=1307  evento=TICK (envio)
[LAMPORT][Nodo-3] t=1317  evento=UPDATE (recepcion, remoto=1316)
[RA][Nodo-3] SOLICITUD RA recibida de Nodo-1 (ts=1316)
[LAMPORT][Nodo-3] t=1318  evento=TICK (envio)
[LAMPORT][Nodo-3] t=1340  evento=UPDATE (recepcion, remoto=1339)
[RA][Nodo-3] SOLICITUD RA recibida de Nodo-1 (ts=1339)
[LAMPORT][Nodo-3] t=1341  evento=TICK (envio)
[LAMPORT][Nodo-3] t=1363  evento=UPDATE (recepcion, remoto=1362)
[RA][Nodo-3] SOLICITUD RA recibida de Nodo-1 (ts=1362)
[LAMPORT][Nodo-3] t=1364  evento=TICK (envio)
[LAMPORT][Nodo-3] t=1365  evento=UPDATE (recepcion, remoto=1362)
[RA][Nodo-3] SOLICITUD RA recibida de Nodo-1 (ts=1362)
[LAMPORT][Nodo-3] t=1366  evento=TICK (envio)
[LAMPORT][Nodo-3] t=1371  evento=UPDATE (recepcion, remoto=1370)
[RA][Nodo-3] SOLICITUD RA recibida de Nodo-1 (ts=1370)
[LAMPORT][Nodo-3] t=1372  evento=TICK (envio)
[LAMPORT][Nodo-3] t=1386  evento=UPDATE (recepcion, remoto=1385)
[RA][Nodo-3] SOLICITUD RA recibida de Nodo-1 (ts=1385)
[LAMPORT][Nodo-3] t=1387  evento=TICK (envio)
[LAMPORT][Nodo-3] t=1388  evento=UPDATE (recepcion, remoto=1387)
[RA][Nodo-3] SOLICITUD RA recibida de Nodo-1 (ts=1387)
[LAMPORT][Nodo-3] t=1389  evento=TICK (envio)
[LAMPORT][Nodo-3] t=1397  evento=UPDATE (recepcion, remoto=1396)
[RA][Nodo-3] SOLICITUD RA recibida de Nodo-1 (ts=1396)
[LAMPORT][Nodo-3] t=1398  evento=TICK (envio)
[LAMPORT][Nodo-3] t=1403  evento=UPDATE (recepcion, remoto=1402)
[RA][Nodo-3] SOLICITUD RA recibida de Nodo-1 (ts=1402)
[LAMPORT][Nodo-3] t=1404  evento=TICK (envio)
[LAMPORT][Nodo-3] t=1418  evento=UPDATE (recepcion, remoto=1417)
[RA][Nodo-3] SOLICITUD RA recibida de Nodo-1 (ts=1417)
[LAMPORT][Nodo-3] t=1419  evento=TICK (envio)
[LAMPORT][Nodo-3] t=1440  evento=UPDATE (recepcion, remoto=1439)
[RA][Nodo-3] SOLICITUD RA recibida de Nodo-1 (ts=1439)
[LAMPORT][Nodo-3] t=1441  evento=TICK (envio)
[LAMPORT][Nodo-3] t=1455  evento=UPDATE (recepcion, remoto=1454)
[RA][Nodo-3] SOLICITUD RA recibida de Nodo-1 (ts=1454)
[LAMPORT][Nodo-3] t=1456  evento=TICK (envio)
[LAMPORT][Nodo-3] t=1470  evento=UPDATE (recepcion, remoto=1469)
[RA][Nodo-3] SOLICITUD RA recibida de Nodo-1 (ts=1469)
[LAMPORT][Nodo-3] t=1471  evento=TICK (envio)
[LAMPORT][Nodo-3] t=1472  evento=UPDATE (recepcion, remoto=1469)
[RA][Nodo-3] SOLICITUD RA recibida de Nodo-1 (ts=1469)
[LAMPORT][Nodo-3] t=1473  evento=TICK (envio)
[LAMPORT][Nodo-3] t=1483  evento=UPDATE (recepcion, remoto=1482)
[RA][Nodo-3] SOLICITUD RA recibida de Nodo-1 (ts=1482)
[LAMPORT][Nodo-3] t=1484  evento=TICK (envio)
[LAMPORT][Nodo-3] t=1495  evento=UPDATE (recepcion, remoto=1494)
[RA][Nodo-3] SOLICITUD RA recibida de Nodo-1 (ts=1494)
[LAMPORT][Nodo-3] t=1496  evento=TICK (envio)
[LAMPORT][Nodo-3] t=1514  evento=UPDATE (recepcion, remoto=1513)
[RA][Nodo-3] SOLICITUD RA recibida de Nodo-1 (ts=1513)
[LAMPORT][Nodo-3] t=1515  evento=TICK (envio)
[LAMPORT][Nodo-3] t=1529  evento=UPDATE (recepcion, remoto=1528)
[RA][Nodo-3] SOLICITUD RA recibida de Nodo-1 (ts=1528)
[LAMPORT][Nodo-3] t=1530  evento=TICK (envio)
[LAMPORT][Nodo-3] t=1536  evento=UPDATE (recepcion, remoto=1535)
[RA][Nodo-3] SOLICITUD RA recibida de Nodo-1 (ts=1535)
[LAMPORT][Nodo-3] t=1537  evento=TICK (envio)
[LAMPORT][Nodo-3] t=1546  evento=UPDATE (recepcion, remoto=1545)
[RA][Nodo-3] SOLICITUD RA recibida de Nodo-1 (ts=1545)
[LAMPORT][Nodo-3] t=1547  evento=TICK (envio)
[LAMPORT][Nodo-3] t=1559  evento=UPDATE (recepcion, remoto=1558)
[RA][Nodo-3] SOLICITUD RA recibida de Nodo-1 (ts=1558)
[LAMPORT][Nodo-3] t=1560  evento=TICK (envio)
[LAMPORT][Nodo-3] t=1569  evento=UPDATE (recepcion, remoto=1568)
[RA][Nodo-3] SOLICITUD RA recibida de Nodo-1 (ts=1568)
[LAMPORT][Nodo-3] t=1570  evento=TICK (envio)
[LAMPORT][Nodo-3] t=1572  evento=UPDATE (recepcion, remoto=1571)
[RA][Nodo-3] SOLICITUD RA recibida de Nodo-1 (ts=1571)
[LAMPORT][Nodo-3] t=1573  evento=TICK (envio)
[LAMPORT][Nodo-3] t=1582  evento=UPDATE (recepcion, remoto=1581)
[RA][Nodo-3] SOLICITUD RA recibida de Nodo-1 (ts=1581)
[LAMPORT][Nodo-3] t=1583  evento=TICK (envio)
[LAMPORT][Nodo-3] t=1593  evento=UPDATE (recepcion, remoto=1592)
[RA][Nodo-3] SOLICITUD RA recibida de Nodo-1 (ts=1592)
[LAMPORT][Nodo-3] t=1594  evento=TICK (envio)
[LAMPORT][Nodo-3] t=1602  evento=UPDATE (recepcion, remoto=1601)
[RA][Nodo-3] SOLICITUD RA recibida de Nodo-1 (ts=1601)
[LAMPORT][Nodo-3] t=1603  evento=TICK (envio)
[LAMPORT][Nodo-3] t=1604  evento=TICK (envio)
[LAMPORT][Nodo-3] t=1628  evento=UPDATE (recepcion, remoto=1627)
[RA][Nodo-3] SOLICITUD RA recibida de Nodo-1 (ts=1627)
[LAMPORT][Nodo-3] t=1629  evento=TICK (envio)
[LAMPORT][Nodo-3] t=1645  evento=UPDATE (recepcion, remoto=1644)
[RA][Nodo-3] SOLICITUD RA recibida de Nodo-1 (ts=1644)
[LAMPORT][Nodo-3] t=1646  evento=TICK (envio)
[LAMPORT][Nodo-3] t=1654  evento=UPDATE (recepcion, remoto=1653)
[RA][Nodo-3] SOLICITUD RA recibida de Nodo-1 (ts=1653)
[LAMPORT][Nodo-3] t=1655  evento=TICK (envio)
[LAMPORT][Nodo-3] t=1669  evento=UPDATE (recepcion, remoto=1668)
[RA][Nodo-3] SOLICITUD RA recibida de Nodo-1 (ts=1668)
[LAMPORT][Nodo-3] t=1670  evento=TICK (envio)
[LAMPORT][Nodo-3] t=1680  evento=UPDATE (recepcion, remoto=1679)
[RA][Nodo-3] SOLICITUD RA recibida de Nodo-1 (ts=1679)
[LAMPORT][Nodo-3] t=1681  evento=TICK (envio)
[LAMPORT][Nodo-3] t=1707  evento=UPDATE (recepcion, remoto=1706)
[RA][Nodo-3] SOLICITUD RA recibida de Nodo-1 (ts=1706)
[LAMPORT][Nodo-3] t=1708  evento=TICK (envio)
[LAMPORT][Nodo-3] t=1718  evento=UPDATE (recepcion, remoto=1717)
[RA][Nodo-3] SOLICITUD RA recibida de Nodo-1 (ts=1717)
[LAMPORT][Nodo-3] t=1719  evento=TICK (envio)
[LAMPORT][Nodo-3] t=1729  evento=UPDATE (recepcion, remoto=1728)
[RA][Nodo-3] SOLICITUD RA recibida de Nodo-1 (ts=1728)
[LAMPORT][Nodo-3] t=1730  evento=TICK (envio)
[LAMPORT][Nodo-3] t=1746  evento=UPDATE (recepcion, remoto=1745)
[RA][Nodo-3] SOLICITUD RA recibida de Nodo-1 (ts=1745)
[LAMPORT][Nodo-3] t=1747  evento=UPDATE (recepcion, remoto=1745)
[RA][Nodo-3] SOLICITUD RA recibida de Nodo-1 (ts=1745)
[LAMPORT][Nodo-3] t=1748  evento=TICK (envio)
[LAMPORT][Nodo-3] t=1749  evento=TICK (envio)
[LAMPORT][Nodo-3] t=1769  evento=UPDATE (recepcion, remoto=1768)
[RA][Nodo-3] SOLICITUD RA recibida de Nodo-1 (ts=1768)
[LAMPORT][Nodo-3] t=1770  evento=TICK (envio)
[LAMPORT][Nodo-3] t=1779  evento=UPDATE (recepcion, remoto=1778)
[RA][Nodo-3] SOLICITUD RA recibida de Nodo-1 (ts=1778)
[LAMPORT][Nodo-3] t=1780  evento=TICK (envio)
[LAMPORT][Nodo-3] t=1789  evento=UPDATE (recepcion, remoto=1788)
[RA][Nodo-3] SOLICITUD RA recibida de Nodo-1 (ts=1788)
[LAMPORT][Nodo-3] t=1790  evento=TICK (envio)
[LAMPORT][Nodo-3] t=1794  evento=UPDATE (recepcion, remoto=1793)
[RA][Nodo-3] SOLICITUD RA recibida de Nodo-1 (ts=1793)
[LAMPORT][Nodo-3] t=1795  evento=TICK (envio)
[LAMPORT][Nodo-3] t=1804  evento=UPDATE (recepcion, remoto=1803)
[RA][Nodo-3] SOLICITUD RA recibida de Nodo-1 (ts=1803)
[LAMPORT][Nodo-3] t=1805  evento=TICK (envio)
[LAMPORT][Nodo-3] t=1825  evento=UPDATE (recepcion, remoto=1824)
[RA][Nodo-3] SOLICITUD RA recibida de Nodo-1 (ts=1824)
[LAMPORT][Nodo-3] t=1826  evento=TICK (envio)
[LAMPORT][Nodo-3] t=1831  evento=UPDATE (recepcion, remoto=1830)
[RA][Nodo-3] SOLICITUD RA recibida de Nodo-1 (ts=1830)
[LAMPORT][Nodo-3] t=1832  evento=TICK (envio)
[LAMPORT][Nodo-3] t=1842  evento=UPDATE (recepcion, remoto=1841)
[RA][Nodo-3] SOLICITUD RA recibida de Nodo-1 (ts=1841)
[LAMPORT][Nodo-3] t=1843  evento=TICK (envio)
[LAMPORT][Nodo-3] t=1860  evento=UPDATE (recepcion, remoto=1859)
[RA][Nodo-3] SOLICITUD RA recibida de Nodo-1 (ts=1859)
[LAMPORT][Nodo-3] t=1861  evento=TICK (envio)
[LAMPORT][Nodo-3] t=1869  evento=UPDATE (recepcion, remoto=1868)
[RA][Nodo-3] SOLICITUD RA recibida de Nodo-1 (ts=1868)
[LAMPORT][Nodo-3] t=1870  evento=TICK (envio)
[LAMPORT][Nodo-3] t=1882  evento=UPDATE (recepcion, remoto=1881)
[RA][Nodo-3] SOLICITUD RA recibida de Nodo-1 (ts=1881)
[LAMPORT][Nodo-3] t=1883  evento=TICK (envio)
[LAMPORT][Nodo-3] t=1909  evento=UPDATE (recepcion, remoto=1908)
[RA][Nodo-3] SOLICITUD RA recibida de Nodo-1 (ts=1908)
[LAMPORT][Nodo-3] t=1910  evento=TICK (envio)
[LAMPORT][Nodo-3] t=1921  evento=UPDATE (recepcion, remoto=1920)
[RA][Nodo-3] SOLICITUD RA recibida de Nodo-1 (ts=1920)
[LAMPORT][Nodo-3] t=1922  evento=TICK (envio)
[LAMPORT][Nodo-3] t=1935  evento=UPDATE (recepcion, remoto=1934)
[RA][Nodo-3] SOLICITUD RA recibida de Nodo-1 (ts=1934)
[LAMPORT][Nodo-3] t=1936  evento=TICK (envio)
[LAMPORT][Nodo-3] t=1950  evento=UPDATE (recepcion, remoto=1949)
[RA][Nodo-3] SOLICITUD RA recibida de Nodo-1 (ts=1949)
[LAMPORT][Nodo-3] t=1951  evento=TICK (envio)
[LAMPORT][Nodo-3] t=1955  evento=UPDATE (recepcion, remoto=1954)
[RA][Nodo-3] SOLICITUD RA recibida de Nodo-1 (ts=1954)
[LAMPORT][Nodo-3] t=1956  evento=TICK (envio)
[LAMPORT][Nodo-3] t=1969  evento=UPDATE (recepcion, remoto=1968)
[RA][Nodo-3] SOLICITUD RA recibida de Nodo-1 (ts=1968)
[LAMPORT][Nodo-3] t=1970  evento=TICK (envio)
[LAMPORT][Nodo-3] t=1980  evento=UPDATE (recepcion, remoto=1979)
[RA][Nodo-3] SOLICITUD RA recibida de Nodo-1 (ts=1979)
[LAMPORT][Nodo-3] t=1981  evento=TICK (envio)
[LAMPORT][Nodo-3] t=1994  evento=UPDATE (recepcion, remoto=1993)
[RA][Nodo-3] SOLICITUD RA recibida de Nodo-1 (ts=1993)
[LAMPORT][Nodo-3] t=1995  evento=TICK (envio)
[LAMPORT][Nodo-3] t=2020  evento=UPDATE (recepcion, remoto=2019)
[RA][Nodo-3] SOLICITUD RA recibida de Nodo-1 (ts=2019)
[LAMPORT][Nodo-3] t=2021  evento=TICK (envio)
[LAMPORT][Nodo-3] t=2029  evento=UPDATE (recepcion, remoto=2028)
[RA][Nodo-3] SOLICITUD RA recibida de Nodo-1 (ts=2028)
[LAMPORT][Nodo-3] t=2030  evento=TICK (envio)
[LAMPORT][Nodo-3] t=2039  evento=UPDATE (recepcion, remoto=2038)
[RA][Nodo-3] SOLICITUD RA recibida de Nodo-1 (ts=2038)
[LAMPORT][Nodo-3] t=2040  evento=TICK (envio)
[LAMPORT][Nodo-3] t=2055  evento=UPDATE (recepcion, remoto=2054)
[RA][Nodo-3] SOLICITUD RA recibida de Nodo-1 (ts=2054)
[LAMPORT][Nodo-3] t=2056  evento=TICK (envio)
[LAMPORT][Nodo-3] t=2061  evento=UPDATE (recepcion, remoto=2060)
[RA][Nodo-3] SOLICITUD RA recibida de Nodo-1 (ts=2060)
[LAMPORT][Nodo-3] t=2062  evento=TICK (envio)
[LAMPORT][Nodo-3] t=2075  evento=UPDATE (recepcion, remoto=2074)
[RA][Nodo-3] SOLICITUD RA recibida de Nodo-1 (ts=2074)
[LAMPORT][Nodo-3] t=2076  evento=TICK (envio)
[LAMPORT][Nodo-3] t=2085  evento=UPDATE (recepcion, remoto=2084)
[RA][Nodo-3] SOLICITUD RA recibida de Nodo-1 (ts=2084)
[LAMPORT][Nodo-3] t=2086  evento=TICK (envio)
[LAMPORT][Nodo-3] t=2095  evento=UPDATE (recepcion, remoto=2094)
[RA][Nodo-3] SOLICITUD RA recibida de Nodo-1 (ts=2094)
[LAMPORT][Nodo-3] t=2096  evento=TICK (envio)
[LAMPORT][Nodo-3] t=2106  evento=UPDATE (recepcion, remoto=2105)
[RA][Nodo-3] SOLICITUD RA recibida de Nodo-1 (ts=2105)
[LAMPORT][Nodo-3] t=2107  evento=TICK (envio)
[LAMPORT][Nodo-3] t=2135  evento=UPDATE (recepcion, remoto=2134)
[RA][Nodo-3] SOLICITUD RA recibida de Nodo-1 (ts=2134)
[LAMPORT][Nodo-3] t=2136  evento=TICK (envio)
[LAMPORT][Nodo-3] t=2151  evento=UPDATE (recepcion, remoto=2150)
[RA][Nodo-3] SOLICITUD RA recibida de Nodo-1 (ts=2150)
[LAMPORT][Nodo-3] t=2152  evento=TICK (envio)
[LAMPORT][Nodo-3] t=2160  evento=UPDATE (recepcion, remoto=2159)
[RA][Nodo-3] SOLICITUD RA recibida de Nodo-1 (ts=2159)
[LAMPORT][Nodo-3] t=2161  evento=TICK (envio)
[LAMPORT][Nodo-3] t=2174  evento=UPDATE (recepcion, remoto=2173)
[RA][Nodo-3] SOLICITUD RA recibida de Nodo-1 (ts=2173)
[LAMPORT][Nodo-3] t=2175  evento=TICK (envio)
[LAMPORT][Nodo-3] t=2187  evento=UPDATE (recepcion, remoto=2186)
[RA][Nodo-3] SOLICITUD RA recibida de Nodo-1 (ts=2186)
[LAMPORT][Nodo-3] t=2188  evento=TICK (envio)
[LAMPORT][Nodo-3] t=2197  evento=UPDATE (recepcion, remoto=2196)
[RA][Nodo-3] SOLICITUD RA recibida de Nodo-1 (ts=2196)
[LAMPORT][Nodo-3] t=2198  evento=TICK (envio)
[LAMPORT][Nodo-3] t=2207  evento=UPDATE (recepcion, remoto=2206)
[RA][Nodo-3] SOLICITUD RA recibida de Nodo-1 (ts=2206)
[LAMPORT][Nodo-3] t=2208  evento=TICK (envio)
[LAMPORT][Nodo-3] t=2222  evento=UPDATE (recepcion, remoto=2221)
[RA][Nodo-3] SOLICITUD RA recibida de Nodo-1 (ts=2221)
[LAMPORT][Nodo-3] t=2223  evento=TICK (envio)
[LAMPORT][Nodo-3] t=2249  evento=UPDATE (recepcion, remoto=2248)
[RA][Nodo-3] SOLICITUD RA recibida de Nodo-1 (ts=2248)
[LAMPORT][Nodo-3] t=2250  evento=TICK (envio)
[LAMPORT][Nodo-3] t=2259  evento=UPDATE (recepcion, remoto=2258)
[RA][Nodo-3] SOLICITUD RA recibida de Nodo-1 (ts=2258)
[LAMPORT][Nodo-3] t=2260  evento=TICK (envio)
[LAMPORT][Nodo-3] t=2273  evento=UPDATE (recepcion, remoto=2272)
[RA][Nodo-3] SOLICITUD RA recibida de Nodo-1 (ts=2272)
[LAMPORT][Nodo-3] t=2274  evento=TICK (envio)
[LAMPORT][Nodo-3] t=2308  evento=UPDATE (recepcion, remoto=2307)
[RA][Nodo-3] SOLICITUD RA recibida de Nodo-1 (ts=2307)
[LAMPORT][Nodo-3] t=2309  evento=TICK (envio)
[LAMPORT][Nodo-3] t=2310  evento=UPDATE (recepcion, remoto=2307)
[RA][Nodo-3] SOLICITUD RA recibida de Nodo-1 (ts=2307)
[LAMPORT][Nodo-3] t=2311  evento=TICK (envio)
[LAMPORT][Nodo-3] t=2312  evento=UPDATE (recepcion, remoto=2307)
[RA][Nodo-3] SOLICITUD RA recibida de Nodo-1 (ts=2307)
[LAMPORT][Nodo-3] t=2313  evento=TICK (envio)
[LAMPORT][Nodo-3] t=2325  evento=UPDATE (recepcion, remoto=2324)
[RA][Nodo-3] SOLICITUD RA recibida de Nodo-1 (ts=2324)
[LAMPORT][Nodo-3] t=2326  evento=TICK (envio)
[LAMPORT][Nodo-3] t=2335  evento=UPDATE (recepcion, remoto=2334)
[RA][Nodo-3] SOLICITUD RA recibida de Nodo-1 (ts=2334)
[LAMPORT][Nodo-3] t=2336  evento=TICK (envio)
[LAMPORT][Nodo-3] t=2344  evento=UPDATE (recepcion, remoto=2343)
[RA][Nodo-3] SOLICITUD RA recibida de Nodo-1 (ts=2343)
[LAMPORT][Nodo-3] t=2345  evento=TICK (envio)
[LAMPORT][Nodo-3] t=2357  evento=UPDATE (recepcion, remoto=2356)
[RA][Nodo-3] SOLICITUD RA recibida de Nodo-1 (ts=2356)
[LAMPORT][Nodo-3] t=2358  evento=TICK (envio)
[LAMPORT][Nodo-3] t=2367  evento=UPDATE (recepcion, remoto=2366)
[RA][Nodo-3] SOLICITUD RA recibida de Nodo-1 (ts=2366)
[LAMPORT][Nodo-3] t=2368  evento=TICK (envio)
[LAMPORT][Nodo-3] t=2389  evento=UPDATE (recepcion, remoto=2388)
[RA][Nodo-3] SOLICITUD RA recibida de Nodo-1 (ts=2388)
[LAMPORT][Nodo-3] t=2390  evento=TICK (envio)
[LAMPORT][Nodo-3] t=2401  evento=UPDATE (recepcion, remoto=2400)
[RA][Nodo-3] SOLICITUD RA recibida de Nodo-1 (ts=2400)
[LAMPORT][Nodo-3] t=2402  evento=TICK (envio)
[LAMPORT][Nodo-3] t=2411  evento=UPDATE (recepcion, remoto=2410)
[RA][Nodo-3] SOLICITUD RA recibida de Nodo-1 (ts=2410)
[LAMPORT][Nodo-3] t=2412  evento=TICK (envio)
[LAMPORT][Nodo-3] t=2427  evento=UPDATE (recepcion, remoto=2426)
[RA][Nodo-3] SOLICITUD RA recibida de Nodo-1 (ts=2426)
[LAMPORT][Nodo-3] t=2428  evento=TICK (envio)
[LAMPORT][Nodo-3] t=2436  evento=UPDATE (recepcion, remoto=2435)
[RA][Nodo-3] SOLICITUD RA recibida de Nodo-1 (ts=2435)
[LAMPORT][Nodo-3] t=2437  evento=TICK (envio)
[LAMPORT][Nodo-3] t=2456  evento=UPDATE (recepcion, remoto=2455)
[RA][Nodo-3] SOLICITUD RA recibida de Nodo-1 (ts=2455)
[LAMPORT][Nodo-3] t=2457  evento=TICK (envio)
[LAMPORT][Nodo-3] t=2468  evento=UPDATE (recepcion, remoto=2467)
[RA][Nodo-3] SOLICITUD RA recibida de Nodo-1 (ts=2467)
[LAMPORT][Nodo-3] t=2469  evento=TICK (envio)
[LAMPORT][Nodo-3] t=2481  evento=UPDATE (recepcion, remoto=2480)
[RA][Nodo-3] SOLICITUD RA recibida de Nodo-1 (ts=2480)
[LAMPORT][Nodo-3] t=2482  evento=TICK (envio)
[LAMPORT][Nodo-3] t=2483  evento=UPDATE (recepcion, remoto=2482)
[RA][Nodo-3] SOLICITUD RA recibida de Nodo-1 (ts=2482)
[LAMPORT][Nodo-3] t=2484  evento=TICK (envio)
[LAMPORT][Nodo-3] t=2489  evento=UPDATE (recepcion, remoto=2488)
[RA][Nodo-3] SOLICITUD RA recibida de Nodo-1 (ts=2488)
[LAMPORT][Nodo-3] t=2490  evento=TICK (envio)
[LAMPORT][Nodo-3] t=2513  evento=UPDATE (recepcion, remoto=2512)
[RA][Nodo-3] SOLICITUD RA recibida de Nodo-1 (ts=2512)
[LAMPORT][Nodo-3] t=2514  evento=TICK (envio)
[LAMPORT][Nodo-3] t=2530  evento=UPDATE (recepcion, remoto=2529)
[RA][Nodo-3] SOLICITUD RA recibida de Nodo-1 (ts=2529)
[LAMPORT][Nodo-3] t=2531  evento=TICK (envio)
[LAMPORT][Nodo-3] t=2546  evento=UPDATE (recepcion, remoto=2545)
[RA][Nodo-3] SOLICITUD RA recibida de Nodo-1 (ts=2545)
[LAMPORT][Nodo-3] t=2547  evento=TICK (envio)
[LAMPORT][Nodo-3] t=2570  evento=UPDATE (recepcion, remoto=2569)
[RA][Nodo-3] SOLICITUD RA recibida de Nodo-1 (ts=2569)
[LAMPORT][Nodo-3] t=2571  evento=UPDATE (recepcion, remoto=2569)
[RA][Nodo-3] SOLICITUD RA recibida de Nodo-1 (ts=2569)
[LAMPORT][Nodo-3] t=2572  evento=TICK (envio)
[LAMPORT][Nodo-3] t=2573  evento=TICK (envio)
[LAMPORT][Nodo-3] t=2583  evento=UPDATE (recepcion, remoto=2582)
[RA][Nodo-3] SOLICITUD RA recibida de Nodo-1 (ts=2582)
[LAMPORT][Nodo-3] t=2584  evento=TICK (envio)
[LAMPORT][Nodo-3] t=2593  evento=UPDATE (recepcion, remoto=2592)
[RA][Nodo-3] SOLICITUD RA recibida de Nodo-1 (ts=2592)
[LAMPORT][Nodo-3] t=2594  evento=TICK (envio)
[LAMPORT][Nodo-3] t=2602  evento=UPDATE (recepcion, remoto=2601)
[RA][Nodo-3] SOLICITUD RA recibida de Nodo-1 (ts=2601)
[LAMPORT][Nodo-3] t=2603  evento=TICK (envio)
[LAMPORT][Nodo-3] t=2613  evento=UPDATE (recepcion, remoto=2612)
[RA][Nodo-3] SOLICITUD RA recibida de Nodo-1 (ts=2612)
[LAMPORT][Nodo-3] t=2614  evento=TICK (envio)
[LAMPORT][Nodo-3] t=2632  evento=UPDATE (recepcion, remoto=2631)
[RA][Nodo-3] SOLICITUD RA recibida de Nodo-1 (ts=2631)
[LAMPORT][Nodo-3] t=2633  evento=TICK (envio)
[LAMPORT][Nodo-3] t=2648  evento=UPDATE (recepcion, remoto=2647)
[RA][Nodo-3] SOLICITUD RA recibida de Nodo-1 (ts=2647)
[LAMPORT][Nodo-3] t=2649  evento=TICK (envio)
[LAMPORT][Nodo-3] t=2673  evento=UPDATE (recepcion, remoto=2672)
[RA][Nodo-3] SOLICITUD RA recibida de Nodo-1 (ts=2672)
[LAMPORT][Nodo-3] t=2674  evento=TICK (envio)
[LAMPORT][Nodo-3] t=2683  evento=UPDATE (recepcion, remoto=2682)
[RA][Nodo-3] SOLICITUD RA recibida de Nodo-1 (ts=2682)
[LAMPORT][Nodo-3] t=2684  evento=TICK (envio)
[LAMPORT][Nodo-3] t=2689  evento=UPDATE (recepcion, remoto=2688)
[RA][Nodo-3] SOLICITUD RA recibida de Nodo-1 (ts=2688)
[LAMPORT][Nodo-3] t=2690  evento=TICK (envio)
[LAMPORT][Nodo-3] t=2698  evento=UPDATE (recepcion, remoto=2697)
[RA][Nodo-3] SOLICITUD RA recibida de Nodo-1 (ts=2697)
[LAMPORT][Nodo-3] t=2699  evento=TICK (envio)
[LAMPORT][Nodo-3] t=2708  evento=UPDATE (recepcion, remoto=2707)
[RA][Nodo-3] SOLICITUD RA recibida de Nodo-1 (ts=2707)
[LAMPORT][Nodo-3] t=2709  evento=TICK (envio)
[LAMPORT][Nodo-3] t=2724  evento=UPDATE (recepcion, remoto=2723)
[RA][Nodo-3] SOLICITUD RA recibida de Nodo-1 (ts=2723)
[LAMPORT][Nodo-3] t=2725  evento=TICK (envio)
[LAMPORT][Nodo-3] t=2747  evento=UPDATE (recepcion, remoto=2746)
[RA][Nodo-3] SOLICITUD RA recibida de Nodo-1 (ts=2746)
[LAMPORT][Nodo-3] t=2748  evento=TICK (envio)
[LAMPORT][Nodo-3] t=2762  evento=UPDATE (recepcion, remoto=2761)
[RA][Nodo-3] SOLICITUD RA recibida de Nodo-1 (ts=2761)
[LAMPORT][Nodo-3] t=2763  evento=TICK (envio)
[LAMPORT][Nodo-3] t=2776  evento=UPDATE (recepcion, remoto=2775)
[RA][Nodo-3] SOLICITUD RA recibida de Nodo-1 (ts=2775)
[LAMPORT][Nodo-3] t=2777  evento=TICK (envio)
[LAMPORT][Nodo-3] t=2785  evento=UPDATE (recepcion, remoto=2784)
[RA][Nodo-3] SOLICITUD RA recibida de Nodo-1 (ts=2784)
[LAMPORT][Nodo-3] t=2786  evento=TICK (envio)
[LAMPORT][Nodo-3] t=2810  evento=UPDATE (recepcion, remoto=2809)
[RA][Nodo-3] SOLICITUD RA recibida de Nodo-1 (ts=2809)
[LAMPORT][Nodo-3] t=2811  evento=TICK (envio)
[LAMPORT][Nodo-3] t=2821  evento=UPDATE (recepcion, remoto=2820)
[RA][Nodo-3] SOLICITUD RA recibida de Nodo-1 (ts=2820)
[LAMPORT][Nodo-3] t=2822  evento=TICK (envio)
[LAMPORT][Nodo-3] t=2831  evento=UPDATE (recepcion, remoto=2830)
[RA][Nodo-3] SOLICITUD RA recibida de Nodo-1 (ts=2830)
[LAMPORT][Nodo-3] t=2832  evento=TICK (envio)
[LAMPORT][Nodo-3] t=2856  evento=UPDATE (recepcion, remoto=2855)
[RA][Nodo-3] SOLICITUD RA recibida de Nodo-1 (ts=2855)
[LAMPORT][Nodo-3] t=2857  evento=TICK (envio)
[LAMPORT][Nodo-3] t=2879  evento=UPDATE (recepcion, remoto=2878)
[RA][Nodo-3] SOLICITUD RA recibida de Nodo-1 (ts=2878)
[LAMPORT][Nodo-3] t=2880  evento=TICK (envio)
[LAMPORT][Nodo-3] t=2893  evento=UPDATE (recepcion, remoto=2892)
[RA][Nodo-3] SOLICITUD RA recibida de Nodo-1 (ts=2892)
[LAMPORT][Nodo-3] t=2894  evento=TICK (envio)
[LAMPORT][Nodo-3] t=2898  evento=UPDATE (recepcion, remoto=2897)
[RA][Nodo-3] SOLICITUD RA recibida de Nodo-1 (ts=2897)
[LAMPORT][Nodo-3] t=2899  evento=TICK (envio)
[LAMPORT][Nodo-3] t=2907  evento=UPDATE (recepcion, remoto=2906)
[RA][Nodo-3] SOLICITUD RA recibida de Nodo-1 (ts=2906)
[LAMPORT][Nodo-3] t=2908  evento=TICK (envio)
[LAMPORT][Nodo-3] t=2917  evento=UPDATE (recepcion, remoto=2916)
[RA][Nodo-3] SOLICITUD RA recibida de Nodo-1 (ts=2916)
[LAMPORT][Nodo-3] t=2918  evento=TICK (envio)
[LAMPORT][Nodo-3] t=2939  evento=UPDATE (recepcion, remoto=2938)
[RA][Nodo-3] SOLICITUD RA recibida de Nodo-1 (ts=2938)
[LAMPORT][Nodo-3] t=2940  evento=TICK (envio)
[LAMPORT][Nodo-3] t=2948  evento=UPDATE (recepcion, remoto=2947)
[RA][Nodo-3] SOLICITUD RA recibida de Nodo-1 (ts=2947)
[LAMPORT][Nodo-3] t=2949  evento=TICK (envio)
[LAMPORT][Nodo-3] t=2961  evento=UPDATE (recepcion, remoto=2960)
[RA][Nodo-3] SOLICITUD RA recibida de Nodo-1 (ts=2960)
[LAMPORT][Nodo-3] t=2962  evento=TICK (envio)
[LAMPORT][Nodo-3] t=2984  evento=UPDATE (recepcion, remoto=2983)
[RA][Nodo-3] SOLICITUD RA recibida de Nodo-1 (ts=2983)
[LAMPORT][Nodo-3] t=2985  evento=TICK (envio)
[LAMPORT][Nodo-3] t=3000  evento=UPDATE (recepcion, remoto=2999)
[RA][Nodo-3] SOLICITUD RA recibida de Nodo-1 (ts=2999)
[LAMPORT][Nodo-3] t=3001  evento=TICK (envio)
[LAMPORT][Nodo-3] t=3010  evento=UPDATE (recepcion, remoto=3009)
[RA][Nodo-3] SOLICITUD RA recibida de Nodo-1 (ts=3009)
[LAMPORT][Nodo-3] t=3011  evento=TICK (envio)
[LAMPORT][Nodo-3] t=3026  evento=UPDATE (recepcion, remoto=3025)
[RA][Nodo-3] SOLICITUD RA recibida de Nodo-1 (ts=3025)
[LAMPORT][Nodo-3] t=3027  evento=TICK (envio)
[LAMPORT][Nodo-3] t=3031  evento=UPDATE (recepcion, remoto=3030)
[RA][Nodo-3] SOLICITUD RA recibida de Nodo-1 (ts=3030)
[LAMPORT][Nodo-3] t=3032  evento=TICK (envio)
[LAMPORT][Nodo-3] t=3041  evento=UPDATE (recepcion, remoto=3040)
[RA][Nodo-3] SOLICITUD RA recibida de Nodo-1 (ts=3040)
[LAMPORT][Nodo-3] t=3042  evento=TICK (envio)
[LAMPORT][Nodo-3] t=3055  evento=UPDATE (recepcion, remoto=3054)
[RA][Nodo-3] SOLICITUD RA recibida de Nodo-1 (ts=3054)
[LAMPORT][Nodo-3] t=3056  evento=TICK (envio)
[LAMPORT][Nodo-3] t=3081  evento=UPDATE (recepcion, remoto=3080)
[RA][Nodo-3] SOLICITUD RA recibida de Nodo-1 (ts=3080)
[LAMPORT][Nodo-3] t=3082  evento=TICK (envio)
[LAMPORT][Nodo-3] t=3091  evento=UPDATE (recepcion, remoto=3090)
[RA][Nodo-3] SOLICITUD RA recibida de Nodo-1 (ts=3090)
[LAMPORT][Nodo-3] t=3092  evento=TICK (envio)
[LAMPORT][Nodo-3] t=3108  evento=UPDATE (recepcion, remoto=3107)
[RA][Nodo-3] SOLICITUD RA recibida de Nodo-1 (ts=3107)
[LAMPORT][Nodo-3] t=3109  evento=TICK (envio)
[LAMPORT][Nodo-3] t=3121  evento=UPDATE (recepcion, remoto=3120)
[RA][Nodo-3] SOLICITUD RA recibida de Nodo-1 (ts=3120)
[LAMPORT][Nodo-3] t=3122  evento=TICK (envio)
[LAMPORT][Nodo-3] t=3123  evento=UPDATE (recepcion, remoto=3121)
[LAMPORT][Nodo-3] t=3131  evento=UPDATE (recepcion, remoto=3130)
[RA][Nodo-3] SOLICITUD RA recibida de Nodo-1 (ts=3130)
[LAMPORT][Nodo-3] t=3132  evento=TICK (envio)
[LAMPORT][Nodo-3] t=3134  evento=UPDATE (recepcion, remoto=3133)
[LAMPORT][Nodo-3] t=3159  evento=UPDATE (recepcion, remoto=3158)
[RA][Nodo-3] SOLICITUD RA recibida de Nodo-1 (ts=3158)
[LAMPORT][Nodo-3] t=3160  evento=TICK (envio)
[LAMPORT][Nodo-3] t=3161  evento=UPDATE (recepcion, remoto=3160)
[RA][Nodo-3] SOLICITUD RA recibida de Nodo-1 (ts=3160)
[LAMPORT][Nodo-3] t=3162  evento=TICK (envio)
[LAMPORT][Nodo-3] t=3176  evento=UPDATE (recepcion, remoto=3175)
[RA][Nodo-3] SOLICITUD RA recibida de Nodo-1 (ts=3175)
[LAMPORT][Nodo-3] t=3177  evento=TICK (envio)
[LAMPORT][Nodo-3] t=3178  evento=UPDATE (recepcion, remoto=3175)
[RA][Nodo-3] SOLICITUD RA recibida de Nodo-1 (ts=3175)
[LAMPORT][Nodo-3] t=3179  evento=TICK (envio)
[LAMPORT][Nodo-3] t=3188  evento=UPDATE (recepcion, remoto=3187)
[RA][Nodo-3] SOLICITUD RA recibida de Nodo-1 (ts=3187)
[LAMPORT][Nodo-3] t=3189  evento=TICK (envio)
[LAMPORT][Nodo-3] t=3202  evento=UPDATE (recepcion, remoto=3201)
[RA][Nodo-3] SOLICITUD RA recibida de Nodo-1 (ts=3201)
[LAMPORT][Nodo-3] t=3203  evento=TICK (envio)
[LAMPORT][Nodo-3] t=3221  evento=UPDATE (recepcion, remoto=3220)
[RA][Nodo-3] SOLICITUD RA recibida de Nodo-1 (ts=3220)
[LAMPORT][Nodo-3] t=3222  evento=TICK (envio)
[LAMPORT][Nodo-3] t=3233  evento=UPDATE (recepcion, remoto=3232)
[RA][Nodo-3] SOLICITUD RA recibida de Nodo-1 (ts=3232)
[LAMPORT][Nodo-3] t=3234  evento=TICK (envio)
[LAMPORT][Nodo-3] t=3235  evento=TICK (envio)
[LAMPORT][Nodo-3] t=3255  evento=UPDATE (recepcion, remoto=3254)
[RA][Nodo-3] SOLICITUD RA recibida de Nodo-1 (ts=3254)
[LAMPORT][Nodo-3] t=3256  evento=TICK (envio)
[LAMPORT][Nodo-3] t=3269  evento=UPDATE (recepcion, remoto=3268)
[RA][Nodo-3] SOLICITUD RA recibida de Nodo-1 (ts=3268)
[LAMPORT][Nodo-3] t=3270  evento=TICK (envio)
[LAMPORT][Nodo-3] t=3279  evento=UPDATE (recepcion, remoto=3278)
[RA][Nodo-3] SOLICITUD RA recibida de Nodo-1 (ts=3278)
[LAMPORT][Nodo-3] t=3280  evento=TICK (envio)
[LAMPORT][Nodo-3] t=3302  evento=UPDATE (recepcion, remoto=3301)
[RA][Nodo-3] SOLICITUD RA recibida de Nodo-1 (ts=3301)
[LAMPORT][Nodo-3] t=3303  evento=TICK (envio)
[LAMPORT][Nodo-3] t=3308  evento=UPDATE (recepcion, remoto=3307)
[RA][Nodo-3] SOLICITUD RA recibida de Nodo-1 (ts=3307)
[LAMPORT][Nodo-3] t=3309  evento=TICK (envio)
[LAMPORT][Nodo-3] t=3331  evento=UPDATE (recepcion, remoto=3330)
[RA][Nodo-3] SOLICITUD RA recibida de Nodo-1 (ts=3330)
[LAMPORT][Nodo-3] t=3332  evento=TICK (envio)
[LAMPORT][Nodo-3] t=3350  evento=UPDATE (recepcion, remoto=3349)
[RA][Nodo-3] SOLICITUD RA recibida de Nodo-1 (ts=3349)
[LAMPORT][Nodo-3] t=3351  evento=TICK (envio)
[LAMPORT][Nodo-3] t=3360  evento=UPDATE (recepcion, remoto=3359)
[RA][Nodo-3] SOLICITUD RA recibida de Nodo-1 (ts=3359)
[LAMPORT][Nodo-3] t=3361  evento=TICK (envio)
[LAMPORT][Nodo-3] t=3374  evento=UPDATE (recepcion, remoto=3373)
[RA][Nodo-3] SOLICITUD RA recibida de Nodo-1 (ts=3373)
[LAMPORT][Nodo-3] t=3375  evento=TICK (envio)
[LAMPORT][Nodo-3] t=3384  evento=UPDATE (recepcion, remoto=3383)
[RA][Nodo-3] SOLICITUD RA recibida de Nodo-1 (ts=3383)
[LAMPORT][Nodo-3] t=3385  evento=TICK (envio)
[LAMPORT][Nodo-3] t=3409  evento=UPDATE (recepcion, remoto=3408)
[RA][Nodo-3] SOLICITUD RA recibida de Nodo-1 (ts=3408)
[LAMPORT][Nodo-3] t=3410  evento=TICK (envio)
[LAMPORT][Nodo-3] t=3419  evento=UPDATE (recepcion, remoto=3418)
[RA][Nodo-3] SOLICITUD RA recibida de Nodo-1 (ts=3418)
[LAMPORT][Nodo-3] t=3420  evento=TICK (envio)
[LAMPORT][Nodo-3] t=3429  evento=UPDATE (recepcion, remoto=3428)
[RA][Nodo-3] SOLICITUD RA recibida de Nodo-1 (ts=3428)
[LAMPORT][Nodo-3] t=3430  evento=TICK (envio)
[LAMPORT][Nodo-3] t=3450  evento=UPDATE (recepcion, remoto=3449)
[RA][Nodo-3] SOLICITUD RA recibida de Nodo-1 (ts=3449)
[LAMPORT][Nodo-3] t=3451  evento=TICK (envio)
[LAMPORT][Nodo-3] t=3460  evento=UPDATE (recepcion, remoto=3459)
[RA][Nodo-3] SOLICITUD RA recibida de Nodo-1 (ts=3459)
[LAMPORT][Nodo-3] t=3461  evento=TICK (envio)
[LAMPORT][Nodo-3] t=3474  evento=UPDATE (recepcion, remoto=3473)
[RA][Nodo-3] SOLICITUD RA recibida de Nodo-1 (ts=3473)
[LAMPORT][Nodo-3] t=3475  evento=TICK (envio)
[LAMPORT][Nodo-3] t=3491  evento=UPDATE (recepcion, remoto=3490)
[RA][Nodo-3] SOLICITUD RA recibida de Nodo-1 (ts=3490)
[LAMPORT][Nodo-3] t=3492  evento=TICK (envio)
[LAMPORT][Nodo-3] t=3516  evento=UPDATE (recepcion, remoto=3515)
[RA][Nodo-3] SOLICITUD RA recibida de Nodo-1 (ts=3515)
[LAMPORT][Nodo-3] t=3517  evento=UPDATE (recepcion, remoto=3515)
[RA][Nodo-3] SOLICITUD RA recibida de Nodo-1 (ts=3515)
[LAMPORT][Nodo-3] t=3518  evento=TICK (envio)
[LAMPORT][Nodo-3] t=3519  evento=TICK (envio)
[LAMPORT][Nodo-3] t=3528  evento=UPDATE (recepcion, remoto=3527)
[RA][Nodo-3] SOLICITUD RA recibida de Nodo-1 (ts=3527)
[LAMPORT][Nodo-3] t=3529  evento=TICK (envio)
[LAMPORT][Nodo-3] t=3538  evento=UPDATE (recepcion, remoto=3537)
[RA][Nodo-3] SOLICITUD RA recibida de Nodo-1 (ts=3537)
[LAMPORT][Nodo-3] t=3539  evento=TICK (envio)
[LAMPORT][Nodo-3] t=3557  evento=UPDATE (recepcion, remoto=3556)
[RA][Nodo-3] SOLICITUD RA recibida de Nodo-1 (ts=3556)
[LAMPORT][Nodo-3] t=3558  evento=TICK (envio)
[LAMPORT][Nodo-3] t=3570  evento=UPDATE (recepcion, remoto=3569)
[RA][Nodo-3] SOLICITUD RA recibida de Nodo-1 (ts=3569)
[LAMPORT][Nodo-3] t=3571  evento=TICK (envio)
[LAMPORT][Nodo-3] t=3582  evento=UPDATE (recepcion, remoto=3581)
[RA][Nodo-3] SOLICITUD RA recibida de Nodo-1 (ts=3581)
[LAMPORT][Nodo-3] t=3583  evento=TICK (envio)
[LAMPORT][Nodo-3] t=3599  evento=UPDATE (recepcion, remoto=3598)
[RA][Nodo-3] SOLICITUD RA recibida de Nodo-1 (ts=3598)
[LAMPORT][Nodo-3] t=3600  evento=TICK (envio)
[LAMPORT][Nodo-3] t=3618  evento=UPDATE (recepcion, remoto=3617)
[RA][Nodo-3] SOLICITUD RA recibida de Nodo-1 (ts=3617)
[LAMPORT][Nodo-3] t=3619  evento=TICK (envio)
[LAMPORT][Nodo-3] t=3629  evento=UPDATE (recepcion, remoto=3628)
[RA][Nodo-3] SOLICITUD RA recibida de Nodo-1 (ts=3628)
[LAMPORT][Nodo-3] t=3630  evento=TICK (envio)
[LAMPORT][Nodo-3] t=3646  evento=UPDATE (recepcion, remoto=3645)
[RA][Nodo-3] SOLICITUD RA recibida de Nodo-1 (ts=3645)
[LAMPORT][Nodo-3] t=3647  evento=TICK (envio)
[LAMPORT][Nodo-3] t=3665  evento=UPDATE (recepcion, remoto=3664)
[RA][Nodo-3] SOLICITUD RA recibida de Nodo-1 (ts=3664)
[LAMPORT][Nodo-3] t=3666  evento=TICK (envio)
[LAMPORT][Nodo-3] t=3684  evento=UPDATE (recepcion, remoto=3683)
[RA][Nodo-3] SOLICITUD RA recibida de Nodo-1 (ts=3683)
[LAMPORT][Nodo-3] t=3685  evento=TICK (envio)
[LAMPORT][Nodo-3] t=3693  evento=UPDATE (recepcion, remoto=3692)
[RA][Nodo-3] SOLICITUD RA recibida de Nodo-1 (ts=3692)
[LAMPORT][Nodo-3] t=3694  evento=TICK (envio)
[LAMPORT][Nodo-3] t=3715  evento=UPDATE (recepcion, remoto=3714)
[RA][Nodo-3] SOLICITUD RA recibida de Nodo-1 (ts=3714)
[LAMPORT][Nodo-3] t=3716  evento=TICK (envio)
[LAMPORT][Nodo-3] t=3724  evento=UPDATE (recepcion, remoto=3723)
[RA][Nodo-3] SOLICITUD RA recibida de Nodo-1 (ts=3723)
[LAMPORT][Nodo-3] t=3725  evento=TICK (envio)
[LAMPORT][Nodo-3] t=3743  evento=UPDATE (recepcion, remoto=3742)
[RA][Nodo-3] SOLICITUD RA recibida de Nodo-1 (ts=3742)
[LAMPORT][Nodo-3] t=3744  evento=TICK (envio)
[LAMPORT][Nodo-3] t=3756  evento=UPDATE (recepcion, remoto=3755)
[RA][Nodo-3] SOLICITUD RA recibida de Nodo-1 (ts=3755)
[LAMPORT][Nodo-3] t=3757  evento=TICK (envio)
[LAMPORT][Nodo-3] t=3773  evento=UPDATE (recepcion, remoto=3772)
[RA][Nodo-3] SOLICITUD RA recibida de Nodo-1 (ts=3772)
[LAMPORT][Nodo-3] t=3774  evento=TICK (envio)
[LAMPORT][Nodo-3] t=3791  evento=UPDATE (recepcion, remoto=3790)
[RA][Nodo-3] SOLICITUD RA recibida de Nodo-1 (ts=3790)
[LAMPORT][Nodo-3] t=3792  evento=TICK (envio)
[LAMPORT][Nodo-3] t=3803  evento=UPDATE (recepcion, remoto=3802)
[RA][Nodo-3] SOLICITUD RA recibida de Nodo-1 (ts=3802)
[LAMPORT][Nodo-3] t=3804  evento=TICK (envio)
[LAMPORT][Nodo-3] t=3818  evento=UPDATE (recepcion, remoto=3817)
[RA][Nodo-3] SOLICITUD RA recibida de Nodo-1 (ts=3817)
[LAMPORT][Nodo-3] t=3819  evento=TICK (envio)
[LAMPORT][Nodo-3] t=3830  evento=UPDATE (recepcion, remoto=3829)
[RA][Nodo-3] SOLICITUD RA recibida de Nodo-1 (ts=3829)
[LAMPORT][Nodo-3] t=3831  evento=TICK (envio)
[LAMPORT][Nodo-3] t=3847  evento=UPDATE (recepcion, remoto=3846)
[RA][Nodo-3] SOLICITUD RA recibida de Nodo-1 (ts=3846)
[LAMPORT][Nodo-3] t=3848  evento=TICK (envio)
[LAMPORT][Nodo-3] t=3862  evento=UPDATE (recepcion, remoto=3861)
[RA][Nodo-3] SOLICITUD RA recibida de Nodo-1 (ts=3861)
[LAMPORT][Nodo-3] t=3863  evento=TICK (envio)
[LAMPORT][Nodo-3] t=3876  evento=UPDATE (recepcion, remoto=3875)
[RA][Nodo-3] SOLICITUD RA recibida de Nodo-1 (ts=3875)
[LAMPORT][Nodo-3] t=3877  evento=TICK (envio)
[LAMPORT][Nodo-3] t=3897  evento=UPDATE (recepcion, remoto=3896)
[RA][Nodo-3] SOLICITUD RA recibida de Nodo-1 (ts=3896)
[LAMPORT][Nodo-3] t=3898  evento=TICK (envio)
[LAMPORT][Nodo-3] t=3907  evento=UPDATE (recepcion, remoto=3906)
[RA][Nodo-3] SOLICITUD RA recibida de Nodo-1 (ts=3906)
[LAMPORT][Nodo-3] t=3908  evento=TICK (envio)
[LAMPORT][Nodo-3] t=3913  evento=UPDATE (recepcion, remoto=3912)
[LAMPORT][Nodo-3] t=3918  evento=UPDATE (recepcion, remoto=3917)
[RA][Nodo-3] SOLICITUD RA recibida de Nodo-1 (ts=3917)
[LAMPORT][Nodo-3] t=3919  evento=TICK (envio)
[LAMPORT][Nodo-3] t=3921  evento=UPDATE (recepcion, remoto=3920)
[LAMPORT][Nodo-3] t=3942  evento=UPDATE (recepcion, remoto=3941)
[RA][Nodo-3] SOLICITUD RA recibida de Nodo-1 (ts=3941)
[LAMPORT][Nodo-3] t=3943  evento=TICK (envio)
[LAMPORT][Nodo-3] t=3952  evento=UPDATE (recepcion, remoto=3951)
[RA][Nodo-3] SOLICITUD RA recibida de Nodo-1 (ts=3951)
[LAMPORT][Nodo-3] t=3953  evento=TICK (envio)
[LAMPORT][Nodo-3] t=3967  evento=UPDATE (recepcion, remoto=3966)
[RA][Nodo-3] SOLICITUD RA recibida de Nodo-1 (ts=3966)
[LAMPORT][Nodo-3] t=3968  evento=TICK (envio)
[LAMPORT][Nodo-3] t=3987  evento=UPDATE (recepcion, remoto=3986)
[RA][Nodo-3] SOLICITUD RA recibida de Nodo-1 (ts=3986)
[LAMPORT][Nodo-3] t=3988  evento=TICK (envio)
[LAMPORT][Nodo-3] t=3989  evento=TICK (envio)
[LAMPORT][Nodo-3] t=4007  evento=UPDATE (recepcion, remoto=4006)
[RA][Nodo-3] SOLICITUD RA recibida de Nodo-1 (ts=4006)
[LAMPORT][Nodo-3] t=4008  evento=TICK (envio)
[LAMPORT][Nodo-3] t=4017  evento=UPDATE (recepcion, remoto=4016)
[RA][Nodo-3] SOLICITUD RA recibida de Nodo-1 (ts=4016)
[LAMPORT][Nodo-3] t=4018  evento=TICK (envio)
[LAMPORT][Nodo-3] t=4034  evento=UPDATE (recepcion, remoto=4033)
[RA][Nodo-3] SOLICITUD RA recibida de Nodo-1 (ts=4033)
[LAMPORT][Nodo-3] t=4035  evento=TICK (envio)
[LAMPORT][Nodo-3] t=4054  evento=UPDATE (recepcion, remoto=4053)
[RA][Nodo-3] SOLICITUD RA recibida de Nodo-1 (ts=4053)
[LAMPORT][Nodo-3] t=4055  evento=TICK (envio)
[LAMPORT][Nodo-3] t=4068  evento=UPDATE (recepcion, remoto=4067)
[RA][Nodo-3] SOLICITUD RA recibida de Nodo-1 (ts=4067)
[LAMPORT][Nodo-3] t=4069  evento=TICK (envio)
[LAMPORT][Nodo-3] t=4077  evento=UPDATE (recepcion, remoto=4076)
[RA][Nodo-3] SOLICITUD RA recibida de Nodo-1 (ts=4076)
[LAMPORT][Nodo-3] t=4078  evento=TICK (envio)
[LAMPORT][Nodo-3] t=4097  evento=UPDATE (recepcion, remoto=4096)
[RA][Nodo-3] SOLICITUD RA recibida de Nodo-1 (ts=4096)
[LAMPORT][Nodo-3] t=4098  evento=TICK (envio)
[LAMPORT][Nodo-3] t=4112  evento=UPDATE (recepcion, remoto=4111)
[RA][Nodo-3] SOLICITUD RA recibida de Nodo-1 (ts=4111)
[LAMPORT][Nodo-3] t=4113  evento=TICK (envio)
[LAMPORT][Nodo-3] t=4125  evento=UPDATE (recepcion, remoto=4124)
[RA][Nodo-3] SOLICITUD RA recibida de Nodo-1 (ts=4124)
[LAMPORT][Nodo-3] t=4126  evento=TICK (envio)
[LAMPORT][Nodo-3] t=4145  evento=UPDATE (recepcion, remoto=4144)
[RA][Nodo-3] SOLICITUD RA recibida de Nodo-1 (ts=4144)
[LAMPORT][Nodo-3] t=4146  evento=TICK (envio)
[LAMPORT][Nodo-3] t=4154  evento=UPDATE (recepcion, remoto=4153)
[RA][Nodo-3] SOLICITUD RA recibida de Nodo-1 (ts=4153)
[LAMPORT][Nodo-3] t=4155  evento=TICK (envio)
[LAMPORT][Nodo-3] t=4173  evento=UPDATE (recepcion, remoto=4172)
[RA][Nodo-3] SOLICITUD RA recibida de Nodo-1 (ts=4172)
[LAMPORT][Nodo-3] t=4174  evento=TICK (envio)
[LAMPORT][Nodo-3] t=4190  evento=UPDATE (recepcion, remoto=4189)
[RA][Nodo-3] SOLICITUD RA recibida de Nodo-1 (ts=4189)
[LAMPORT][Nodo-3] t=4191  evento=TICK (envio)
[LAMPORT][Nodo-3] t=4199  evento=UPDATE (recepcion, remoto=4198)
[RA][Nodo-3] SOLICITUD RA recibida de Nodo-1 (ts=4198)
[LAMPORT][Nodo-3] t=4200  evento=TICK (envio)
[LAMPORT][Nodo-3] t=4218  evento=UPDATE (recepcion, remoto=4217)
[RA][Nodo-3] SOLICITUD RA recibida de Nodo-1 (ts=4217)
[LAMPORT][Nodo-3] t=4219  evento=TICK (envio)
[LAMPORT][Nodo-3] t=4229  evento=UPDATE (recepcion, remoto=4228)
[RA][Nodo-3] SOLICITUD RA recibida de Nodo-1 (ts=4228)
[LAMPORT][Nodo-3] t=4230  evento=TICK (envio)
[LAMPORT][Nodo-3] t=4244  evento=UPDATE (recepcion, remoto=4243)
[RA][Nodo-3] SOLICITUD RA recibida de Nodo-1 (ts=4243)
[LAMPORT][Nodo-3] t=4245  evento=TICK (envio)
[LAMPORT][Nodo-3] t=4264  evento=UPDATE (recepcion, remoto=4263)
[RA][Nodo-3] SOLICITUD RA recibida de Nodo-1 (ts=4263)
[LAMPORT][Nodo-3] t=4265  evento=TICK (envio)
[LAMPORT][Nodo-3] t=4279  evento=UPDATE (recepcion, remoto=4278)
[RA][Nodo-3] SOLICITUD RA recibida de Nodo-1 (ts=4278)
[LAMPORT][Nodo-3] t=4280  evento=TICK (envio)
[LAMPORT][Nodo-3] t=4288  evento=UPDATE (recepcion, remoto=4287)
[RA][Nodo-3] SOLICITUD RA recibida de Nodo-1 (ts=4287)
[LAMPORT][Nodo-3] t=4289  evento=TICK (envio)
[LAMPORT][Nodo-3] t=4307  evento=UPDATE (recepcion, remoto=4306)
[RA][Nodo-3] SOLICITUD RA recibida de Nodo-1 (ts=4306)
[LAMPORT][Nodo-3] t=4308  evento=TICK (envio)
[LAMPORT][Nodo-3] t=4319  evento=UPDATE (recepcion, remoto=4318)
[RA][Nodo-3] SOLICITUD RA recibida de Nodo-1 (ts=4318)
[LAMPORT][Nodo-3] t=4320  evento=TICK (envio)
[LAMPORT][Nodo-3] t=4338  evento=UPDATE (recepcion, remoto=4337)
[RA][Nodo-3] SOLICITUD RA recibida de Nodo-1 (ts=4337)
[LAMPORT][Nodo-3] t=4339  evento=TICK (envio)
[LAMPORT][Nodo-3] t=4357  evento=UPDATE (recepcion, remoto=4356)
[RA][Nodo-3] SOLICITUD RA recibida de Nodo-1 (ts=4356)
[LAMPORT][Nodo-3] t=4358  evento=TICK (envio)
[LAMPORT][Nodo-3] t=4369  evento=UPDATE (recepcion, remoto=4368)
[RA][Nodo-3] SOLICITUD RA recibida de Nodo-1 (ts=4368)
[LAMPORT][Nodo-3] t=4370  evento=TICK (envio)
[LAMPORT][Nodo-3] t=4383  evento=UPDATE (recepcion, remoto=4382)
[RA][Nodo-3] SOLICITUD RA recibida de Nodo-1 (ts=4382)
[LAMPORT][Nodo-3] t=4384  evento=TICK (envio)
[LAMPORT][Nodo-3] t=4396  evento=UPDATE (recepcion, remoto=4395)
[RA][Nodo-3] SOLICITUD RA recibida de Nodo-1 (ts=4395)
[LAMPORT][Nodo-3] t=4397  evento=TICK (envio)
[LAMPORT][Nodo-3] t=4415  evento=UPDATE (recepcion, remoto=4414)
[RA][Nodo-3] SOLICITUD RA recibida de Nodo-1 (ts=4414)
[LAMPORT][Nodo-3] t=4416  evento=TICK (envio)
[LAMPORT][Nodo-3] t=4428  evento=UPDATE (recepcion, remoto=4427)
[RA][Nodo-3] SOLICITUD RA recibida de Nodo-1 (ts=4427)
[LAMPORT][Nodo-3] t=4429  evento=TICK (envio)
[LAMPORT][Nodo-3] t=4449  evento=UPDATE (recepcion, remoto=4448)
[RA][Nodo-3] SOLICITUD RA recibida de Nodo-1 (ts=4448)
[LAMPORT][Nodo-3] t=4450  evento=TICK (envio)
[LAMPORT][Nodo-3] t=4466  evento=UPDATE (recepcion, remoto=4465)
[RA][Nodo-3] SOLICITUD RA recibida de Nodo-1 (ts=4465)
[LAMPORT][Nodo-3] t=4467  evento=TICK (envio)
[LAMPORT][Nodo-3] t=4485  evento=UPDATE (recepcion, remoto=4484)
[RA][Nodo-3] SOLICITUD RA recibida de Nodo-1 (ts=4484)
[LAMPORT][Nodo-3] t=4486  evento=TICK (envio)
[LAMPORT][Nodo-3] t=4495  evento=UPDATE (recepcion, remoto=4494)
[RA][Nodo-3] SOLICITUD RA recibida de Nodo-1 (ts=4494)
[LAMPORT][Nodo-3] t=4496  evento=TICK (envio)
[LAMPORT][Nodo-3] t=4508  evento=UPDATE (recepcion, remoto=4507)
[RA][Nodo-3] SOLICITUD RA recibida de Nodo-1 (ts=4507)
[LAMPORT][Nodo-3] t=4509  evento=TICK (envio)
[LAMPORT][Nodo-3] t=4530  evento=UPDATE (recepcion, remoto=4529)
[RA][Nodo-3] SOLICITUD RA recibida de Nodo-1 (ts=4529)
[LAMPORT][Nodo-3] t=4531  evento=TICK (envio)
[LAMPORT][Nodo-3] t=4539  evento=UPDATE (recepcion, remoto=4538)
[RA][Nodo-3] SOLICITUD RA recibida de Nodo-1 (ts=4538)
[LAMPORT][Nodo-3] t=4540  evento=TICK (envio)
[LAMPORT][Nodo-3] t=4549  evento=UPDATE (recepcion, remoto=4548)
[RA][Nodo-3] SOLICITUD RA recibida de Nodo-1 (ts=4548)
[LAMPORT][Nodo-3] t=4550  evento=TICK (envio)
[LAMPORT][Nodo-3] t=4576  evento=UPDATE (recepcion, remoto=4575)
[RA][Nodo-3] SOLICITUD RA recibida de Nodo-1 (ts=4575)
[LAMPORT][Nodo-3] t=4577  evento=TICK (envio)
[LAMPORT][Nodo-3] t=4586  evento=UPDATE (recepcion, remoto=4585)
[RA][Nodo-3] SOLICITUD RA recibida de Nodo-1 (ts=4585)
[LAMPORT][Nodo-3] t=4587  evento=TICK (envio)
[LAMPORT][Nodo-3] t=4607  evento=UPDATE (recepcion, remoto=4606)
[RA][Nodo-3] SOLICITUD RA recibida de Nodo-1 (ts=4606)
[LAMPORT][Nodo-3] t=4608  evento=TICK (envio)
[LAMPORT][Nodo-3] t=4613  evento=UPDATE (recepcion, remoto=4612)
[LAMPORT][Nodo-3] t=4621  evento=UPDATE (recepcion, remoto=4620)
[RA][Nodo-3] SOLICITUD RA recibida de Nodo-1 (ts=4620)
[LAMPORT][Nodo-3] t=4622  evento=TICK (envio)
[LAMPORT][Nodo-3] t=4624  evento=UPDATE (recepcion, remoto=4623)
[LAMPORT][Nodo-3] t=4635  evento=UPDATE (recepcion, remoto=4634)
[RA][Nodo-3] SOLICITUD RA recibida de Nodo-1 (ts=4634)
[LAMPORT][Nodo-3] t=4636  evento=TICK (envio)
[LAMPORT][Nodo-3] t=4653  evento=UPDATE (recepcion, remoto=4652)
[RA][Nodo-3] SOLICITUD RA recibida de Nodo-1 (ts=4652)
[LAMPORT][Nodo-3] t=4654  evento=TICK (envio)
[LAMPORT][Nodo-3] t=4662  evento=UPDATE (recepcion, remoto=4661)
[RA][Nodo-3] SOLICITUD RA recibida de Nodo-1 (ts=4661)
[LAMPORT][Nodo-3] t=4663  evento=TICK (envio)
[LAMPORT][Nodo-3] t=4664  evento=TICK (envio)
[LAMPORT][Nodo-3] t=4683  evento=UPDATE (recepcion, remoto=4682)
[RA][Nodo-3] SOLICITUD RA recibida de Nodo-1 (ts=4682)
[LAMPORT][Nodo-3] t=4684  evento=TICK (envio)
[LAMPORT][Nodo-3] t=4697  evento=UPDATE (recepcion, remoto=4696)
[RA][Nodo-3] SOLICITUD RA recibida de Nodo-1 (ts=4696)
[LAMPORT][Nodo-3] t=4698  evento=TICK (envio)
[LAMPORT][Nodo-3] t=4706  evento=UPDATE (recepcion, remoto=4705)
[RA][Nodo-3] SOLICITUD RA recibida de Nodo-1 (ts=4705)
[LAMPORT][Nodo-3] t=4707  evento=TICK (envio)
[LAMPORT][Nodo-3] t=4730  evento=UPDATE (recepcion, remoto=4729)
[RA][Nodo-3] SOLICITUD RA recibida de Nodo-1 (ts=4729)
[LAMPORT][Nodo-3] t=4731  evento=TICK (envio)
[LAMPORT][Nodo-3] t=4743  evento=UPDATE (recepcion, remoto=4742)
[RA][Nodo-3] SOLICITUD RA recibida de Nodo-1 (ts=4742)
[LAMPORT][Nodo-3] t=4744  evento=TICK (envio)
[LAMPORT][Nodo-3] t=4756  evento=UPDATE (recepcion, remoto=4755)
[RA][Nodo-3] SOLICITUD RA recibida de Nodo-1 (ts=4755)
[LAMPORT][Nodo-3] t=4757  evento=TICK (envio)
[LAMPORT][Nodo-3] t=4773  evento=UPDATE (recepcion, remoto=4772)
[RA][Nodo-3] SOLICITUD RA recibida de Nodo-1 (ts=4772)
[LAMPORT][Nodo-3] t=4774  evento=TICK (envio)
[LAMPORT][Nodo-3] t=4782  evento=UPDATE (recepcion, remoto=4781)
[RA][Nodo-3] SOLICITUD RA recibida de Nodo-1 (ts=4781)
[LAMPORT][Nodo-3] t=4783  evento=TICK (envio)
[LAMPORT][Nodo-3] t=4799  evento=UPDATE (recepcion, remoto=4798)
[RA][Nodo-3] SOLICITUD RA recibida de Nodo-1 (ts=4798)
[LAMPORT][Nodo-3] t=4800  evento=TICK (envio)
[LAMPORT][Nodo-3] t=4826  evento=UPDATE (recepcion, remoto=4825)
[RA][Nodo-3] SOLICITUD RA recibida de Nodo-1 (ts=4825)
[LAMPORT][Nodo-3] t=4827  evento=TICK (envio)
[LAMPORT][Nodo-3] t=4828  evento=UPDATE (recepcion, remoto=4825)
[RA][Nodo-3] SOLICITUD RA recibida de Nodo-1 (ts=4825)
[LAMPORT][Nodo-3] t=4829  evento=TICK (envio)
[LAMPORT][Nodo-3] t=4842  evento=UPDATE (recepcion, remoto=4841)
[RA][Nodo-3] SOLICITUD RA recibida de Nodo-1 (ts=4841)
[LAMPORT][Nodo-3] t=4843  evento=TICK (envio)
[LAMPORT][Nodo-3] t=4860  evento=UPDATE (recepcion, remoto=4859)
[RA][Nodo-3] SOLICITUD RA recibida de Nodo-1 (ts=4859)
[LAMPORT][Nodo-3] t=4861  evento=TICK (envio)
[LAMPORT][Nodo-3] t=4874  evento=UPDATE (recepcion, remoto=4873)
[RA][Nodo-3] SOLICITUD RA recibida de Nodo-1 (ts=4873)
[LAMPORT][Nodo-3] t=4875  evento=TICK (envio)
[LAMPORT][Nodo-3] t=4891  evento=UPDATE (recepcion, remoto=4890)
[RA][Nodo-3] SOLICITUD RA recibida de Nodo-1 (ts=4890)
[LAMPORT][Nodo-3] t=4892  evento=TICK (envio)
[LAMPORT][Nodo-3] t=4906  evento=UPDATE (recepcion, remoto=4905)
[RA][Nodo-3] SOLICITUD RA recibida de Nodo-1 (ts=4905)
[LAMPORT][Nodo-3] t=4907  evento=TICK (envio)
[LAMPORT][Nodo-3] t=4925  evento=UPDATE (recepcion, remoto=4924)
[RA][Nodo-3] SOLICITUD RA recibida de Nodo-1 (ts=4924)
[LAMPORT][Nodo-3] t=4926  evento=TICK (envio)
[LAMPORT][Nodo-3] t=4939  evento=UPDATE (recepcion, remoto=4938)
[RA][Nodo-3] SOLICITUD RA recibida de Nodo-1 (ts=4938)
[LAMPORT][Nodo-3] t=4940  evento=TICK (envio)
[LAMPORT][Nodo-3] t=4954  evento=UPDATE (recepcion, remoto=4953)
[RA][Nodo-3] SOLICITUD RA recibida de Nodo-1 (ts=4953)
[LAMPORT][Nodo-3] t=4955  evento=TICK (envio)
[LAMPORT][Nodo-3] t=4969  evento=UPDATE (recepcion, remoto=4968)
[RA][Nodo-3] SOLICITUD RA recibida de Nodo-1 (ts=4968)
[LAMPORT][Nodo-3] t=4970  evento=TICK (envio)
[LAMPORT][Nodo-3] t=4983  evento=UPDATE (recepcion, remoto=4982)
[RA][Nodo-3] SOLICITUD RA recibida de Nodo-1 (ts=4982)
[LAMPORT][Nodo-3] t=4984  evento=TICK (envio)
[LAMPORT][Nodo-3] t=5001  evento=UPDATE (recepcion, remoto=5000)
[RA][Nodo-3] SOLICITUD RA recibida de Nodo-1 (ts=5000)
[LAMPORT][Nodo-3] t=5002  evento=TICK (envio)
[LAMPORT][Nodo-3] t=5016  evento=UPDATE (recepcion, remoto=5015)
[RA][Nodo-3] SOLICITUD RA recibida de Nodo-1 (ts=5015)
[LAMPORT][Nodo-3] t=5017  evento=TICK (envio)
[LAMPORT][Nodo-3] t=5033  evento=UPDATE (recepcion, remoto=5032)
[RA][Nodo-3] SOLICITUD RA recibida de Nodo-1 (ts=5032)
[LAMPORT][Nodo-3] t=5034  evento=TICK (envio)
[LAMPORT][Nodo-3] t=5047  evento=UPDATE (recepcion, remoto=5046)
[RA][Nodo-3] SOLICITUD RA recibida de Nodo-1 (ts=5046)
[LAMPORT][Nodo-3] t=5048  evento=TICK (envio)
[LAMPORT][Nodo-3] t=5063  evento=UPDATE (recepcion, remoto=5062)
[RA][Nodo-3] SOLICITUD RA recibida de Nodo-1 (ts=5062)
[LAMPORT][Nodo-3] t=5064  evento=TICK (envio)
[LAMPORT][Nodo-3] t=5080  evento=UPDATE (recepcion, remoto=5079)
[RA][Nodo-3] SOLICITUD RA recibida de Nodo-1 (ts=5079)
[LAMPORT][Nodo-3] t=5081  evento=TICK (envio)
[LAMPORT][Nodo-3] t=5095  evento=UPDATE (recepcion, remoto=5094)
[RA][Nodo-3] SOLICITUD RA recibida de Nodo-1 (ts=5094)
[LAMPORT][Nodo-3] t=5096  evento=TICK (envio)
[LAMPORT][Nodo-3] t=5110  evento=UPDATE (recepcion, remoto=5109)
[RA][Nodo-3] SOLICITUD RA recibida de Nodo-1 (ts=5109)
[LAMPORT][Nodo-3] t=5111  evento=TICK (envio)
[LAMPORT][Nodo-3] t=5125  evento=UPDATE (recepcion, remoto=5124)
[RA][Nodo-3] SOLICITUD RA recibida de Nodo-1 (ts=5124)
[LAMPORT][Nodo-3] t=5126  evento=TICK (envio)
[LAMPORT][Nodo-3] t=5139  evento=UPDATE (recepcion, remoto=5138)
[RA][Nodo-3] SOLICITUD RA recibida de Nodo-1 (ts=5138)
[LAMPORT][Nodo-3] t=5140  evento=TICK (envio)
[LAMPORT][Nodo-3] t=5154  evento=UPDATE (recepcion, remoto=5153)
[RA][Nodo-3] SOLICITUD RA recibida de Nodo-1 (ts=5153)
[LAMPORT][Nodo-3] t=5155  evento=TICK (envio)
[LAMPORT][Nodo-3] t=5169  evento=UPDATE (recepcion, remoto=5168)
[LAMPORT][Nodo-3] t=5172  evento=UPDATE (recepcion, remoto=5171)
[RA][Nodo-3] SOLICITUD RA recibida de Nodo-1 (ts=5171)
[LAMPORT][Nodo-3] t=5173  evento=TICK (envio)
[LAMPORT][Nodo-3] t=5175  evento=UPDATE (recepcion, remoto=5174)
[LAMPORT][Nodo-3] t=5191  evento=UPDATE (recepcion, remoto=5190)
[RA][Nodo-3] SOLICITUD RA recibida de Nodo-1 (ts=5190)
[LAMPORT][Nodo-3] t=5192  evento=TICK (envio)
[LAMPORT][Nodo-3] t=5202  evento=UPDATE (recepcion, remoto=5201)
[RA][Nodo-3] SOLICITUD RA recibida de Nodo-1 (ts=5201)
[LAMPORT][Nodo-3] t=5203  evento=TICK (envio)
[LAMPORT][Nodo-3] t=5218  evento=UPDATE (recepcion, remoto=5217)
[RA][Nodo-3] SOLICITUD RA recibida de Nodo-1 (ts=5217)
[LAMPORT][Nodo-3] t=5219  evento=TICK (envio)
[LAMPORT][Nodo-3] t=5220  evento=TICK (envio)
[LAMPORT][Nodo-3] t=5232  evento=UPDATE (recepcion, remoto=5231)
[RA][Nodo-3] SOLICITUD RA recibida de Nodo-1 (ts=5231)
[LAMPORT][Nodo-3] t=5233  evento=TICK (envio)
[LAMPORT][Nodo-3] t=5251  evento=UPDATE (recepcion, remoto=5250)
[RA][Nodo-3] SOLICITUD RA recibida de Nodo-1 (ts=5250)
[LAMPORT][Nodo-3] t=5252  evento=TICK (envio)
[LAMPORT][Nodo-3] t=5261  evento=UPDATE (recepcion, remoto=5260)
[RA][Nodo-3] SOLICITUD RA recibida de Nodo-1 (ts=5260)
[LAMPORT][Nodo-3] t=5262  evento=TICK (envio)
[LAMPORT][Nodo-3] t=5280  evento=UPDATE (recepcion, remoto=5279)
[RA][Nodo-3] SOLICITUD RA recibida de Nodo-1 (ts=5279)
[LAMPORT][Nodo-3] t=5281  evento=TICK (envio)
[LAMPORT][Nodo-3] t=5289  evento=UPDATE (recepcion, remoto=5288)
[RA][Nodo-3] SOLICITUD RA recibida de Nodo-1 (ts=5288)
[LAMPORT][Nodo-3] t=5290  evento=TICK (envio)
[LAMPORT][Nodo-3] t=5311  evento=UPDATE (recepcion, remoto=5310)
[RA][Nodo-3] SOLICITUD RA recibida de Nodo-1 (ts=5310)
[LAMPORT][Nodo-3] t=5312  evento=TICK (envio)
[LAMPORT][Nodo-3] t=5322  evento=UPDATE (recepcion, remoto=5321)
[RA][Nodo-3] SOLICITUD RA recibida de Nodo-1 (ts=5321)
[LAMPORT][Nodo-3] t=5323  evento=TICK (envio)
[LAMPORT][Nodo-3] t=5344  evento=UPDATE (recepcion, remoto=5343)
[RA][Nodo-3] SOLICITUD RA recibida de Nodo-1 (ts=5343)
[LAMPORT][Nodo-3] t=5345  evento=TICK (envio)
[LAMPORT][Nodo-3] t=5358  evento=UPDATE (recepcion, remoto=5357)
[RA][Nodo-3] SOLICITUD RA recibida de Nodo-1 (ts=5357)
[LAMPORT][Nodo-3] t=5359  evento=TICK (envio)
[LAMPORT][Nodo-3] t=5374  evento=UPDATE (recepcion, remoto=5373)
[RA][Nodo-3] SOLICITUD RA recibida de Nodo-1 (ts=5373)
[LAMPORT][Nodo-3] t=5375  evento=TICK (envio)
[LAMPORT][Nodo-3] t=5389  evento=UPDATE (recepcion, remoto=5388)
[RA][Nodo-3] SOLICITUD RA recibida de Nodo-1 (ts=5388)
[LAMPORT][Nodo-3] t=5390  evento=TICK (envio)
[LAMPORT][Nodo-3] t=5399  evento=UPDATE (recepcion, remoto=5398)
[RA][Nodo-3] SOLICITUD RA recibida de Nodo-1 (ts=5398)
[LAMPORT][Nodo-3] t=5400  evento=TICK (envio)
[LAMPORT][Nodo-3] t=5419  evento=UPDATE (recepcion, remoto=5418)
[RA][Nodo-3] SOLICITUD RA recibida de Nodo-1 (ts=5418)
[LAMPORT][Nodo-3] t=5420  evento=TICK (envio)
[LAMPORT][Nodo-3] t=5429  evento=UPDATE (recepcion, remoto=5428)
[RA][Nodo-3] SOLICITUD RA recibida de Nodo-1 (ts=5428)
[LAMPORT][Nodo-3] t=5430  evento=TICK (envio)
[LAMPORT][Nodo-3] t=5450  evento=UPDATE (recepcion, remoto=5449)
[RA][Nodo-3] SOLICITUD RA recibida de Nodo-1 (ts=5449)
[LAMPORT][Nodo-3] t=5451  evento=TICK (envio)
[LAMPORT][Nodo-3] t=5459  evento=UPDATE (recepcion, remoto=5458)
[RA][Nodo-3] SOLICITUD RA recibida de Nodo-1 (ts=5458)
[LAMPORT][Nodo-3] t=5460  evento=TICK (envio)
[LAMPORT][Nodo-3] t=5481  evento=UPDATE (recepcion, remoto=5480)
[RA][Nodo-3] SOLICITUD RA recibida de Nodo-1 (ts=5480)
[LAMPORT][Nodo-3] t=5482  evento=TICK (envio)
[LAMPORT][Nodo-3] t=5495  evento=UPDATE (recepcion, remoto=5494)
[RA][Nodo-3] SOLICITUD RA recibida de Nodo-1 (ts=5494)
[LAMPORT][Nodo-3] t=5496  evento=TICK (envio)
[LAMPORT][Nodo-3] t=5510  evento=UPDATE (recepcion, remoto=5509)
[RA][Nodo-3] SOLICITUD RA recibida de Nodo-1 (ts=5509)
[LAMPORT][Nodo-3] t=5511  evento=TICK (envio)
[LAMPORT][Nodo-3] t=5529  evento=UPDATE (recepcion, remoto=5528)
[RA][Nodo-3] SOLICITUD RA recibida de Nodo-1 (ts=5528)
[LAMPORT][Nodo-3] t=5530  evento=TICK (envio)
[LAMPORT][Nodo-3] t=5535  evento=UPDATE (recepcion, remoto=5534)
[RA][Nodo-3] SOLICITUD RA recibida de Nodo-1 (ts=5534)
[LAMPORT][Nodo-3] t=5536  evento=TICK (envio)
[LAMPORT][Nodo-3] t=5558  evento=UPDATE (recepcion, remoto=5557)
[RA][Nodo-3] SOLICITUD RA recibida de Nodo-1 (ts=5557)
[LAMPORT][Nodo-3] t=5559  evento=TICK (envio)
[LAMPORT][Nodo-3] t=5567  evento=UPDATE (recepcion, remoto=5566)
[RA][Nodo-3] SOLICITUD RA recibida de Nodo-1 (ts=5566)
[LAMPORT][Nodo-3] t=5568  evento=TICK (envio)
[LAMPORT][Nodo-3] t=5589  evento=UPDATE (recepcion, remoto=5588)
[RA][Nodo-3] SOLICITUD RA recibida de Nodo-1 (ts=5588)
[LAMPORT][Nodo-3] t=5590  evento=TICK (envio)
[LAMPORT][Nodo-3] t=5604  evento=UPDATE (recepcion, remoto=5603)
[RA][Nodo-3] SOLICITUD RA recibida de Nodo-1 (ts=5603)
[LAMPORT][Nodo-3] t=5605  evento=TICK (envio)
[LAMPORT][Nodo-3] t=5614  evento=UPDATE (recepcion, remoto=5613)
[RA][Nodo-3] SOLICITUD RA recibida de Nodo-1 (ts=5613)
[LAMPORT][Nodo-3] t=5615  evento=TICK (envio)
[LAMPORT][Nodo-3] t=5632  evento=UPDATE (recepcion, remoto=5631)
[LAMPORT][Nodo-3] t=5638  evento=UPDATE (recepcion, remoto=5637)
[RA][Nodo-3] SOLICITUD RA recibida de Nodo-1 (ts=5637)
[LAMPORT][Nodo-3] t=5639  evento=TICK (envio)
[LAMPORT][Nodo-3] t=5641  evento=UPDATE (recepcion, remoto=5640)
[LAMPORT][Nodo-3] t=5651  evento=UPDATE (recepcion, remoto=5650)
[RA][Nodo-3] SOLICITUD RA recibida de Nodo-1 (ts=5650)
[LAMPORT][Nodo-3] t=5652  evento=TICK (envio)
[LAMPORT][Nodo-3] t=5671  evento=UPDATE (recepcion, remoto=5670)
[RA][Nodo-3] SOLICITUD RA recibida de Nodo-1 (ts=5670)
[LAMPORT][Nodo-3] t=5672  evento=TICK (envio)
[LAMPORT][Nodo-3] t=5680  evento=UPDATE (recepcion, remoto=5679)
[RA][Nodo-3] SOLICITUD RA recibida de Nodo-1 (ts=5679)
[LAMPORT][Nodo-3] t=5681  evento=TICK (envio)
[LAMPORT][Nodo-3] t=5682  evento=TICK (envio)
[LAMPORT][Nodo-3] t=5702  evento=UPDATE (recepcion, remoto=5701)
[RA][Nodo-3] SOLICITUD RA recibida de Nodo-1 (ts=5701)
[LAMPORT][Nodo-3] t=5703  evento=TICK (envio)
[LAMPORT][Nodo-3] t=5716  evento=UPDATE (recepcion, remoto=5715)
[RA][Nodo-3] SOLICITUD RA recibida de Nodo-1 (ts=5715)
[LAMPORT][Nodo-3] t=5717  evento=TICK (envio)
[LAMPORT][Nodo-3] t=5735  evento=UPDATE (recepcion, remoto=5734)
[RA][Nodo-3] SOLICITUD RA recibida de Nodo-1 (ts=5734)
[LAMPORT][Nodo-3] t=5736  evento=TICK (envio)
[LAMPORT][Nodo-3] t=5744  evento=UPDATE (recepcion, remoto=5743)
[RA][Nodo-3] SOLICITUD RA recibida de Nodo-1 (ts=5743)
[LAMPORT][Nodo-3] t=5745  evento=TICK (envio)
[LAMPORT][Nodo-3] t=5766  evento=UPDATE (recepcion, remoto=5765)
[RA][Nodo-3] SOLICITUD RA recibida de Nodo-1 (ts=5765)
[LAMPORT][Nodo-3] t=5767  evento=TICK (envio)
[LAMPORT][Nodo-3] t=5781  evento=UPDATE (recepcion, remoto=5780)
[RA][Nodo-3] SOLICITUD RA recibida de Nodo-1 (ts=5780)
[LAMPORT][Nodo-3] t=5782  evento=TICK (envio)
[LAMPORT][Nodo-3] t=5795  evento=UPDATE (recepcion, remoto=5794)
[RA][Nodo-3] SOLICITUD RA recibida de Nodo-1 (ts=5794)
[LAMPORT][Nodo-3] t=5796  evento=TICK (envio)
[LAMPORT][Nodo-3] t=5814  evento=UPDATE (recepcion, remoto=5813)
[RA][Nodo-3] SOLICITUD RA recibida de Nodo-1 (ts=5813)
[LAMPORT][Nodo-3] t=5815  evento=TICK (envio)
[LAMPORT][Nodo-3] t=5827  evento=UPDATE (recepcion, remoto=5826)
[RA][Nodo-3] SOLICITUD RA recibida de Nodo-1 (ts=5826)
[LAMPORT][Nodo-3] t=5828  evento=TICK (envio)
[LAMPORT][Nodo-3] t=5845  evento=UPDATE (recepcion, remoto=5844)
[RA][Nodo-3] SOLICITUD RA recibida de Nodo-1 (ts=5844)
[LAMPORT][Nodo-3] t=5846  evento=TICK (envio)
[LAMPORT][Nodo-3] t=5855  evento=UPDATE (recepcion, remoto=5854)
[RA][Nodo-3] SOLICITUD RA recibida de Nodo-1 (ts=5854)
[LAMPORT][Nodo-3] t=5856  evento=TICK (envio)
[LAMPORT][Nodo-3] t=5878  evento=UPDATE (recepcion, remoto=5877)
[RA][Nodo-3] SOLICITUD RA recibida de Nodo-1 (ts=5877)
[LAMPORT][Nodo-3] t=5879  evento=TICK (envio)
[LAMPORT][Nodo-3] t=5887  evento=UPDATE (recepcion, remoto=5886)
[RA][Nodo-3] SOLICITUD RA recibida de Nodo-1 (ts=5886)
[LAMPORT][Nodo-3] t=5888  evento=TICK (envio)
[LAMPORT][Nodo-3] t=5907  evento=UPDATE (recepcion, remoto=5906)
[RA][Nodo-3] SOLICITUD RA recibida de Nodo-1 (ts=5906)
[LAMPORT][Nodo-3] t=5908  evento=TICK (envio)
[LAMPORT][Nodo-3] t=5917  evento=UPDATE (recepcion, remoto=5916)
[RA][Nodo-3] SOLICITUD RA recibida de Nodo-1 (ts=5916)
[LAMPORT][Nodo-3] t=5918  evento=TICK (envio)
[LAMPORT][Nodo-3] t=5940  evento=UPDATE (recepcion, remoto=5939)
[RA][Nodo-3] SOLICITUD RA recibida de Nodo-1 (ts=5939)
[LAMPORT][Nodo-3] t=5941  evento=TICK (envio)
[LAMPORT][Nodo-3] t=5949  evento=UPDATE (recepcion, remoto=5948)
[RA][Nodo-3] SOLICITUD RA recibida de Nodo-1 (ts=5948)
[LAMPORT][Nodo-3] t=5950  evento=TICK (envio)
[LAMPORT][Nodo-3] t=5972  evento=UPDATE (recepcion, remoto=5971)
[RA][Nodo-3] SOLICITUD RA recibida de Nodo-1 (ts=5971)
[LAMPORT][Nodo-3] t=5973  evento=TICK (envio)
[LAMPORT][Nodo-3] t=5981  evento=UPDATE (recepcion, remoto=5980)
[RA][Nodo-3] SOLICITUD RA recibida de Nodo-1 (ts=5980)
[LAMPORT][Nodo-3] t=5982  evento=TICK (envio)
[LAMPORT][Nodo-3] t=6003  evento=UPDATE (recepcion, remoto=6002)
[RA][Nodo-3] SOLICITUD RA recibida de Nodo-1 (ts=6002)
[LAMPORT][Nodo-3] t=6004  evento=TICK (envio)
[LAMPORT][Nodo-3] t=6021  evento=UPDATE (recepcion, remoto=6020)
[RA][Nodo-3] SOLICITUD RA recibida de Nodo-1 (ts=6020)
[LAMPORT][Nodo-3] t=6022  evento=TICK (envio)
[LAMPORT][Nodo-3] t=6030  evento=UPDATE (recepcion, remoto=6029)
[RA][Nodo-3] SOLICITUD RA recibida de Nodo-1 (ts=6029)
[LAMPORT][Nodo-3] t=6031  evento=TICK (envio)
[LAMPORT][Nodo-3] t=6050  evento=UPDATE (recepcion, remoto=6049)
[RA][Nodo-3] SOLICITUD RA recibida de Nodo-1 (ts=6049)
[LAMPORT][Nodo-3] t=6051  evento=TICK (envio)
[LAMPORT][Nodo-3] t=6065  evento=UPDATE (recepcion, remoto=6064)
[RA][Nodo-3] SOLICITUD RA recibida de Nodo-1 (ts=6064)
[LAMPORT][Nodo-3] t=6066  evento=TICK (envio)
[LAMPORT][Nodo-3] t=6075  evento=UPDATE (recepcion, remoto=6074)
[RA][Nodo-3] SOLICITUD RA recibida de Nodo-1 (ts=6074)
[LAMPORT][Nodo-3] t=6076  evento=TICK (envio)
[LAMPORT][Nodo-3] t=6092  evento=UPDATE (recepcion, remoto=6091)
[LAMPORT][Nodo-3] t=6098  evento=UPDATE (recepcion, remoto=6097)
[RA][Nodo-3] SOLICITUD RA recibida de Nodo-1 (ts=6097)
[LAMPORT][Nodo-3] t=6099  evento=TICK (envio)
[LAMPORT][Nodo-3] t=6101  evento=UPDATE (recepcion, remoto=6100)
[LAMPORT][Nodo-3] t=6113  evento=UPDATE (recepcion, remoto=6112)
[RA][Nodo-3] SOLICITUD RA recibida de Nodo-1 (ts=6112)
[LAMPORT][Nodo-3] t=6114  evento=TICK (envio)
[LAMPORT][Nodo-3] t=6129  evento=UPDATE (recepcion, remoto=6128)
[RA][Nodo-3] SOLICITUD RA recibida de Nodo-1 (ts=6128)
[LAMPORT][Nodo-3] t=6130  evento=TICK (envio)
[LAMPORT][Nodo-3] t=6139  evento=UPDATE (recepcion, remoto=6138)
[RA][Nodo-3] SOLICITUD RA recibida de Nodo-1 (ts=6138)
[LAMPORT][Nodo-3] t=6140  evento=TICK (envio)
[LAMPORT][Nodo-3] t=6141  evento=TICK (envio)
[LAMPORT][Nodo-3] t=6161  evento=UPDATE (recepcion, remoto=6160)
[RA][Nodo-3] SOLICITUD RA recibida de Nodo-1 (ts=6160)
[LAMPORT][Nodo-3] t=6162  evento=TICK (envio)
[LAMPORT][Nodo-3] t=6170  evento=UPDATE (recepcion, remoto=6169)
[RA][Nodo-3] SOLICITUD RA recibida de Nodo-1 (ts=6169)
[LAMPORT][Nodo-3] t=6171  evento=TICK (envio)
[LAMPORT][Nodo-3] t=6189  evento=UPDATE (recepcion, remoto=6188)
[RA][Nodo-3] SOLICITUD RA recibida de Nodo-1 (ts=6188)
[LAMPORT][Nodo-3] t=6190  evento=TICK (envio)
[LAMPORT][Nodo-3] t=6205  evento=UPDATE (recepcion, remoto=6204)
[RA][Nodo-3] SOLICITUD RA recibida de Nodo-1 (ts=6204)
[LAMPORT][Nodo-3] t=6206  evento=TICK (envio)
[LAMPORT][Nodo-3] t=6219  evento=UPDATE (recepcion, remoto=6218)
[RA][Nodo-3] SOLICITUD RA recibida de Nodo-1 (ts=6218)
[LAMPORT][Nodo-3] t=6220  evento=TICK (envio)
[LAMPORT][Nodo-3] t=6235  evento=UPDATE (recepcion, remoto=6234)
[RA][Nodo-3] SOLICITUD RA recibida de Nodo-1 (ts=6234)
[LAMPORT][Nodo-3] t=6236  evento=TICK (envio)
[LAMPORT][Nodo-3] t=6252  evento=UPDATE (recepcion, remoto=6251)
[RA][Nodo-3] SOLICITUD RA recibida de Nodo-1 (ts=6251)
[LAMPORT][Nodo-3] t=6253  evento=TICK (envio)
[LAMPORT][Nodo-3] t=6262  evento=UPDATE (recepcion, remoto=6261)
[RA][Nodo-3] SOLICITUD RA recibida de Nodo-1 (ts=6261)
[LAMPORT][Nodo-3] t=6263  evento=TICK (envio)
[LAMPORT][Nodo-3] t=6282  evento=UPDATE (recepcion, remoto=6281)
[RA][Nodo-3] SOLICITUD RA recibida de Nodo-1 (ts=6281)
[LAMPORT][Nodo-3] t=6283  evento=TICK (envio)
[LAMPORT][Nodo-3] t=6297  evento=UPDATE (recepcion, remoto=6296)
[RA][Nodo-3] SOLICITUD RA recibida de Nodo-1 (ts=6296)
[LAMPORT][Nodo-3] t=6298  evento=TICK (envio)
[LAMPORT][Nodo-3] t=6312  evento=UPDATE (recepcion, remoto=6311)
[RA][Nodo-3] SOLICITUD RA recibida de Nodo-1 (ts=6311)
[LAMPORT][Nodo-3] t=6313  evento=TICK (envio)
[LAMPORT][Nodo-3] t=6327  evento=UPDATE (recepcion, remoto=6326)
[RA][Nodo-3] SOLICITUD RA recibida de Nodo-1 (ts=6326)
[LAMPORT][Nodo-3] t=6328  evento=TICK (envio)
[LAMPORT][Nodo-3] t=6342  evento=UPDATE (recepcion, remoto=6341)
[RA][Nodo-3] SOLICITUD RA recibida de Nodo-1 (ts=6341)
[LAMPORT][Nodo-3] t=6343  evento=TICK (envio)
[LAMPORT][Nodo-3] t=6354  evento=UPDATE (recepcion, remoto=6353)
[RA][Nodo-3] SOLICITUD RA recibida de Nodo-1 (ts=6353)
[LAMPORT][Nodo-3] t=6355  evento=TICK (envio)
[LAMPORT][Nodo-3] t=6373  evento=UPDATE (recepcion, remoto=6372)
[RA][Nodo-3] SOLICITUD RA recibida de Nodo-1 (ts=6372)
[LAMPORT][Nodo-3] t=6374  evento=TICK (envio)
[LAMPORT][Nodo-3] t=6384  evento=UPDATE (recepcion, remoto=6383)
[RA][Nodo-3] SOLICITUD RA recibida de Nodo-1 (ts=6383)
[LAMPORT][Nodo-3] t=6385  evento=TICK (envio)
[LAMPORT][Nodo-3] t=6403  evento=UPDATE (recepcion, remoto=6402)
[RA][Nodo-3] SOLICITUD RA recibida de Nodo-1 (ts=6402)
[LAMPORT][Nodo-3] t=6404  evento=TICK (envio)
[LAMPORT][Nodo-3] t=6412  evento=UPDATE (recepcion, remoto=6411)
[RA][Nodo-3] SOLICITUD RA recibida de Nodo-1 (ts=6411)
[LAMPORT][Nodo-3] t=6413  evento=TICK (envio)
[LAMPORT][Nodo-3] t=6435  evento=UPDATE (recepcion, remoto=6434)
[RA][Nodo-3] SOLICITUD RA recibida de Nodo-1 (ts=6434)
[LAMPORT][Nodo-3] t=6436  evento=TICK (envio)
[LAMPORT][Nodo-3] t=6448  evento=UPDATE (recepcion, remoto=6447)
[RA][Nodo-3] SOLICITUD RA recibida de Nodo-1 (ts=6447)
[LAMPORT][Nodo-3] t=6449  evento=TICK (envio)
[LAMPORT][Nodo-3] t=6467  evento=UPDATE (recepcion, remoto=6466)
[RA][Nodo-3] SOLICITUD RA recibida de Nodo-1 (ts=6466)
[LAMPORT][Nodo-3] t=6468  evento=TICK (envio)
[LAMPORT][Nodo-3] t=6476  evento=UPDATE (recepcion, remoto=6475)
[RA][Nodo-3] SOLICITUD RA recibida de Nodo-1 (ts=6475)
[LAMPORT][Nodo-3] t=6477  evento=TICK (envio)
[LAMPORT][Nodo-3] t=6497  evento=UPDATE (recepcion, remoto=6496)
[RA][Nodo-3] SOLICITUD RA recibida de Nodo-1 (ts=6496)
[LAMPORT][Nodo-3] t=6498  evento=TICK (envio)
[LAMPORT][Nodo-3] t=6510  evento=UPDATE (recepcion, remoto=6509)
[RA][Nodo-3] SOLICITUD RA recibida de Nodo-1 (ts=6509)
[LAMPORT][Nodo-3] t=6511  evento=TICK (envio)
[LAMPORT][Nodo-3] t=6528  evento=UPDATE (recepcion, remoto=6527)
[RA][Nodo-3] SOLICITUD RA recibida de Nodo-1 (ts=6527)
[LAMPORT][Nodo-3] t=6529  evento=TICK (envio)
[LAMPORT][Nodo-3] t=6541  evento=UPDATE (recepcion, remoto=6540)
[RA][Nodo-3] SOLICITUD RA recibida de Nodo-1 (ts=6540)
[LAMPORT][Nodo-3] t=6542  evento=TICK (envio)
[LAMPORT][Nodo-3] t=6560  evento=UPDATE (recepcion, remoto=6559)
[RA][Nodo-3] SOLICITUD RA recibida de Nodo-1 (ts=6559)
[LAMPORT][Nodo-3] t=6561  evento=TICK (envio)
[LAMPORT][Nodo-3] t=6566  evento=UPDATE (recepcion, remoto=6565)
[LAMPORT][Nodo-3] t=6569  evento=UPDATE (recepcion, remoto=6568)
[RA][Nodo-3] SOLICITUD RA recibida de Nodo-1 (ts=6568)
[LAMPORT][Nodo-3] t=6570  evento=TICK (envio)
[LAMPORT][Nodo-3] t=6572  evento=UPDATE (recepcion, remoto=6571)
[LAMPORT][Nodo-3] t=6591  evento=UPDATE (recepcion, remoto=6590)
[RA][Nodo-3] SOLICITUD RA recibida de Nodo-1 (ts=6590)
[LAMPORT][Nodo-3] t=6592  evento=TICK (envio)
[LAMPORT][Nodo-3] t=6606  evento=UPDATE (recepcion, remoto=6605)
[RA][Nodo-3] SOLICITUD RA recibida de Nodo-1 (ts=6605)
[LAMPORT][Nodo-3] t=6607  evento=TICK (envio)
[LAMPORT][Nodo-3] t=6620  evento=UPDATE (recepcion, remoto=6619)
[RA][Nodo-3] SOLICITUD RA recibida de Nodo-1 (ts=6619)
[LAMPORT][Nodo-3] t=6621  evento=TICK (envio)
[LAMPORT][Nodo-3] t=6622  evento=TICK (envio)
[LAMPORT][Nodo-3] t=6635  evento=UPDATE (recepcion, remoto=6634)
[RA][Nodo-3] SOLICITUD RA recibida de Nodo-1 (ts=6634)
[LAMPORT][Nodo-3] t=6636  evento=TICK (envio)
[LAMPORT][Nodo-3] t=6649  evento=UPDATE (recepcion, remoto=6648)
[RA][Nodo-3] SOLICITUD RA recibida de Nodo-1 (ts=6648)
[LAMPORT][Nodo-3] t=6650  evento=TICK (envio)
[LAMPORT][Nodo-3] t=6668  evento=UPDATE (recepcion, remoto=6667)
[RA][Nodo-3] SOLICITUD RA recibida de Nodo-1 (ts=6667)
[LAMPORT][Nodo-3] t=6669  evento=TICK (envio)
[LAMPORT][Nodo-3] t=6678  evento=UPDATE (recepcion, remoto=6677)
[RA][Nodo-3] SOLICITUD RA recibida de Nodo-1 (ts=6677)
[LAMPORT][Nodo-3] t=6679  evento=TICK (envio)
[LAMPORT][Nodo-3] t=6701  evento=UPDATE (recepcion, remoto=6700)
[RA][Nodo-3] SOLICITUD RA recibida de Nodo-1 (ts=6700)
[LAMPORT][Nodo-3] t=6702  evento=TICK (envio)
[LAMPORT][Nodo-3] t=6710  evento=UPDATE (recepcion, remoto=6709)
[RA][Nodo-3] SOLICITUD RA recibida de Nodo-1 (ts=6709)
[LAMPORT][Nodo-3] t=6711  evento=TICK (envio)
[LAMPORT][Nodo-3] t=6733  evento=UPDATE (recepcion, remoto=6732)
[RA][Nodo-3] SOLICITUD RA recibida de Nodo-1 (ts=6732)
[LAMPORT][Nodo-3] t=6734  evento=TICK (envio)
[LAMPORT][Nodo-3] t=6746  evento=UPDATE (recepcion, remoto=6745)
[RA][Nodo-3] SOLICITUD RA recibida de Nodo-1 (ts=6745)
[LAMPORT][Nodo-3] t=6747  evento=TICK (envio)
[LAMPORT][Nodo-3] t=6765  evento=UPDATE (recepcion, remoto=6764)
[RA][Nodo-3] SOLICITUD RA recibida de Nodo-1 (ts=6764)
[LAMPORT][Nodo-3] t=6766  evento=TICK (envio)
[LAMPORT][Nodo-3] t=6774  evento=UPDATE (recepcion, remoto=6773)
[RA][Nodo-3] SOLICITUD RA recibida de Nodo-1 (ts=6773)
[LAMPORT][Nodo-3] t=6775  evento=TICK (envio)
[LAMPORT][Nodo-3] t=6798  evento=UPDATE (recepcion, remoto=6797)
[RA][Nodo-3] SOLICITUD RA recibida de Nodo-1 (ts=6797)
[LAMPORT][Nodo-3] t=6799  evento=TICK (envio)
[LAMPORT][Nodo-3] t=6807  evento=UPDATE (recepcion, remoto=6806)
[RA][Nodo-3] SOLICITUD RA recibida de Nodo-1 (ts=6806)
[LAMPORT][Nodo-3] t=6808  evento=TICK (envio)
[LAMPORT][Nodo-3] t=6829  evento=UPDATE (recepcion, remoto=6828)
[RA][Nodo-3] SOLICITUD RA recibida de Nodo-1 (ts=6828)
[LAMPORT][Nodo-3] t=6830  evento=TICK (envio)
[LAMPORT][Nodo-3] t=6843  evento=UPDATE (recepcion, remoto=6842)
[RA][Nodo-3] SOLICITUD RA recibida de Nodo-1 (ts=6842)
[LAMPORT][Nodo-3] t=6844  evento=TICK (envio)
[LAMPORT][Nodo-3] t=6861  evento=UPDATE (recepcion, remoto=6860)
[RA][Nodo-3] SOLICITUD RA recibida de Nodo-1 (ts=6860)
[LAMPORT][Nodo-3] t=6862  evento=TICK (envio)
[LAMPORT][Nodo-3] t=6870  evento=UPDATE (recepcion, remoto=6869)
[RA][Nodo-3] SOLICITUD RA recibida de Nodo-1 (ts=6869)
[LAMPORT][Nodo-3] t=6871  evento=TICK (envio)
[LAMPORT][Nodo-3] t=6890  evento=UPDATE (recepcion, remoto=6889)
[RA][Nodo-3] SOLICITUD RA recibida de Nodo-1 (ts=6889)
[LAMPORT][Nodo-3] t=6891  evento=TICK (envio)
[LAMPORT][Nodo-3] t=6904  evento=UPDATE (recepcion, remoto=6903)
[RA][Nodo-3] SOLICITUD RA recibida de Nodo-1 (ts=6903)
[LAMPORT][Nodo-3] t=6905  evento=TICK (envio)
[LAMPORT][Nodo-3] t=6918  evento=UPDATE (recepcion, remoto=6917)
[RA][Nodo-3] SOLICITUD RA recibida de Nodo-1 (ts=6917)
[LAMPORT][Nodo-3] t=6919  evento=TICK (envio)
[LAMPORT][Nodo-3] t=6937  evento=UPDATE (recepcion, remoto=6936)
[RA][Nodo-3] SOLICITUD RA recibida de Nodo-1 (ts=6936)
[LAMPORT][Nodo-3] t=6938  evento=TICK (envio)
[LAMPORT][Nodo-3] t=6943  evento=UPDATE (recepcion, remoto=6942)
[RA][Nodo-3] SOLICITUD RA recibida de Nodo-1 (ts=6942)
[LAMPORT][Nodo-3] t=6944  evento=TICK (envio)
[LAMPORT][Nodo-3] t=6964  evento=UPDATE (recepcion, remoto=6963)
[RA][Nodo-3] SOLICITUD RA recibida de Nodo-1 (ts=6963)
[LAMPORT][Nodo-3] t=6965  evento=TICK (envio)
[LAMPORT][Nodo-3] t=6978  evento=UPDATE (recepcion, remoto=6977)
[RA][Nodo-3] SOLICITUD RA recibida de Nodo-1 (ts=6977)
[LAMPORT][Nodo-3] t=6979  evento=TICK (envio)
[LAMPORT][Nodo-3] t=6984  evento=UPDATE (recepcion, remoto=6983)
[LAMPORT][Nodo-3] t=6986  evento=UPDATE (recepcion, remoto=6985)
[LAMPORT][Nodo-3] t=6994  evento=UPDATE (recepcion, remoto=6993)
[RA][Nodo-3] SOLICITUD RA recibida de Nodo-1 (ts=6993)
[LAMPORT][Nodo-3] t=6995  evento=TICK (envio)
[LAMPORT][Nodo-3] t=7009  evento=UPDATE (recepcion, remoto=7008)
[RA][Nodo-3] SOLICITUD RA recibida de Nodo-1 (ts=7008)
[LAMPORT][Nodo-3] t=7010  evento=TICK (envio)
[LAMPORT][Nodo-3] t=7023  evento=UPDATE (recepcion, remoto=7022)
[RA][Nodo-3] SOLICITUD RA recibida de Nodo-1 (ts=7022)
[LAMPORT][Nodo-3] t=7024  evento=TICK (envio)
[LAMPORT][Nodo-3] t=7025  evento=TICK (envio)
[LAMPORT][Nodo-3] t=7038  evento=UPDATE (recepcion, remoto=7037)
[RA][Nodo-3] SOLICITUD RA recibida de Nodo-1 (ts=7037)
[LAMPORT][Nodo-3] t=7039  evento=TICK (envio)
[LAMPORT][Nodo-3] t=7056  evento=UPDATE (recepcion, remoto=7055)
[RA][Nodo-3] SOLICITUD RA recibida de Nodo-1 (ts=7055)
[LAMPORT][Nodo-3] t=7057  evento=TICK (envio)
[LAMPORT][Nodo-3] t=7070  evento=UPDATE (recepcion, remoto=7069)
[RA][Nodo-3] SOLICITUD RA recibida de Nodo-1 (ts=7069)
[LAMPORT][Nodo-3] t=7071  evento=TICK (envio)
[LAMPORT][Nodo-3] t=7085  evento=UPDATE (recepcion, remoto=7084)
[RA][Nodo-3] SOLICITUD RA recibida de Nodo-1 (ts=7084)
[LAMPORT][Nodo-3] t=7086  evento=TICK (envio)
[LAMPORT][Nodo-3] t=7102  evento=UPDATE (recepcion, remoto=7101)
[RA][Nodo-3] SOLICITUD RA recibida de Nodo-1 (ts=7101)
[LAMPORT][Nodo-3] t=7103  evento=TICK (envio)
[LAMPORT][Nodo-3] t=7117  evento=UPDATE (recepcion, remoto=7116)
[RA][Nodo-3] SOLICITUD RA recibida de Nodo-1 (ts=7116)
[LAMPORT][Nodo-3] t=7118  evento=TICK (envio)
[LAMPORT][Nodo-3] t=7132  evento=UPDATE (recepcion, remoto=7131)
[RA][Nodo-3] SOLICITUD RA recibida de Nodo-1 (ts=7131)
[LAMPORT][Nodo-3] t=7133  evento=TICK (envio)
[LAMPORT][Nodo-3] t=7146  evento=UPDATE (recepcion, remoto=7145)
[RA][Nodo-3] SOLICITUD RA recibida de Nodo-1 (ts=7145)
[LAMPORT][Nodo-3] t=7147  evento=TICK (envio)
[LAMPORT][Nodo-3] t=7156  evento=UPDATE (recepcion, remoto=7155)
[RA][Nodo-3] SOLICITUD RA recibida de Nodo-1 (ts=7155)
[LAMPORT][Nodo-3] t=7157  evento=TICK (envio)
[LAMPORT][Nodo-3] t=7176  evento=UPDATE (recepcion, remoto=7175)
[RA][Nodo-3] SOLICITUD RA recibida de Nodo-1 (ts=7175)
[LAMPORT][Nodo-3] t=7177  evento=TICK (envio)
[LAMPORT][Nodo-3] t=7190  evento=UPDATE (recepcion, remoto=7189)
[RA][Nodo-3] SOLICITUD RA recibida de Nodo-1 (ts=7189)
[LAMPORT][Nodo-3] t=7191  evento=TICK (envio)
[LAMPORT][Nodo-3] t=7209  evento=UPDATE (recepcion, remoto=7208)
[RA][Nodo-3] SOLICITUD RA recibida de Nodo-1 (ts=7208)
[LAMPORT][Nodo-3] t=7210  evento=TICK (envio)
[LAMPORT][Nodo-3] t=7218  evento=UPDATE (recepcion, remoto=7217)
[RA][Nodo-3] SOLICITUD RA recibida de Nodo-1 (ts=7217)
[LAMPORT][Nodo-3] t=7219  evento=TICK (envio)
[LAMPORT][Nodo-3] t=7241  evento=UPDATE (recepcion, remoto=7240)
[RA][Nodo-3] SOLICITUD RA recibida de Nodo-1 (ts=7240)
[LAMPORT][Nodo-3] t=7242  evento=TICK (envio)
[LAMPORT][Nodo-3] t=7250  evento=UPDATE (recepcion, remoto=7249)
[RA][Nodo-3] SOLICITUD RA recibida de Nodo-1 (ts=7249)
[LAMPORT][Nodo-3] t=7251  evento=TICK (envio)
[LAMPORT][Nodo-3] t=7273  evento=UPDATE (recepcion, remoto=7272)
[RA][Nodo-3] SOLICITUD RA recibida de Nodo-1 (ts=7272)
[LAMPORT][Nodo-3] t=7274  evento=TICK (envio)
[LAMPORT][Nodo-3] t=7282  evento=UPDATE (recepcion, remoto=7281)
[RA][Nodo-3] SOLICITUD RA recibida de Nodo-1 (ts=7281)
[LAMPORT][Nodo-3] t=7283  evento=TICK (envio)
[LAMPORT][Nodo-3] t=7305  evento=UPDATE (recepcion, remoto=7304)
[RA][Nodo-3] SOLICITUD RA recibida de Nodo-1 (ts=7304)
[LAMPORT][Nodo-3] t=7306  evento=TICK (envio)
[LAMPORT][Nodo-3] t=7314  evento=UPDATE (recepcion, remoto=7313)
[RA][Nodo-3] SOLICITUD RA recibida de Nodo-1 (ts=7313)
[LAMPORT][Nodo-3] t=7315  evento=TICK (envio)
[LAMPORT][Nodo-3] t=7335  evento=UPDATE (recepcion, remoto=7334)
[RA][Nodo-3] SOLICITUD RA recibida de Nodo-1 (ts=7334)
[LAMPORT][Nodo-3] t=7336  evento=TICK (envio)
[LAMPORT][Nodo-3] t=7344  evento=UPDATE (recepcion, remoto=7343)
[RA][Nodo-3] SOLICITUD RA recibida de Nodo-1 (ts=7343)
[LAMPORT][Nodo-3] t=7345  evento=TICK (envio)
[LAMPORT][Nodo-3] t=7363  evento=UPDATE (recepcion, remoto=7362)
[RA][Nodo-3] SOLICITUD RA recibida de Nodo-1 (ts=7362)
[LAMPORT][Nodo-3] t=7364  evento=TICK (envio)
[LAMPORT][Nodo-3] t=7378  evento=UPDATE (recepcion, remoto=7377)
[RA][Nodo-3] SOLICITUD RA recibida de Nodo-1 (ts=7377)
[LAMPORT][Nodo-3] t=7379  evento=TICK (envio)
[LAMPORT][Nodo-3] t=7396  evento=UPDATE (recepcion, remoto=7395)
[RA][Nodo-3] SOLICITUD RA recibida de Nodo-1 (ts=7395)
[LAMPORT][Nodo-3] t=7397  evento=TICK (envio)
[LAMPORT][Nodo-3] t=7414  evento=UPDATE (recepcion, remoto=7413)
[RA][Nodo-3] SOLICITUD RA recibida de Nodo-1 (ts=7413)
[LAMPORT][Nodo-3] t=7415  evento=TICK (envio)
[LAMPORT][Nodo-3] t=7427  evento=UPDATE (recepcion, remoto=7426)
[RA][Nodo-3] SOLICITUD RA recibida de Nodo-1 (ts=7426)
[LAMPORT][Nodo-3] t=7428  evento=TICK (envio)
[LAMPORT][Nodo-3] t=7441  evento=UPDATE (recepcion, remoto=7440)
[LAMPORT][Nodo-3] t=7443  evento=UPDATE (recepcion, remoto=7442)
[LAMPORT][Nodo-3] t=7447  evento=UPDATE (recepcion, remoto=7446)
[RA][Nodo-3] SOLICITUD RA recibida de Nodo-1 (ts=7446)
[LAMPORT][Nodo-3] t=7448  evento=TICK (envio)
[LAMPORT][Nodo-3] t=7453  evento=UPDATE (recepcion, remoto=7452)
[RA][Nodo-3] SOLICITUD RA recibida de Nodo-1 (ts=7452)
[LAMPORT][Nodo-3] t=7454  evento=TICK (envio)
[LAMPORT][Nodo-3] t=7476  evento=UPDATE (recepcion, remoto=7475)
[RA][Nodo-3] SOLICITUD RA recibida de Nodo-1 (ts=7475)
[LAMPORT][Nodo-3] t=7477  evento=TICK (envio)
[LAMPORT][Nodo-3] t=7489  evento=UPDATE (recepcion, remoto=7488)
[RA][Nodo-3] SOLICITUD RA recibida de Nodo-1 (ts=7488)
[LAMPORT][Nodo-3] t=7490  evento=TICK (envio)
[LAMPORT][Nodo-3] t=7491  evento=TICK (envio)
[LAMPORT][Nodo-3] t=7508  evento=UPDATE (recepcion, remoto=7507)
[RA][Nodo-3] SOLICITUD RA recibida de Nodo-1 (ts=7507)
[LAMPORT][Nodo-3] t=7509  evento=TICK (envio)
[LAMPORT][Nodo-3] t=7510  evento=UPDATE (recepcion, remoto=7509)
[RA][Nodo-3] SOLICITUD RA recibida de Nodo-1 (ts=7509)
[LAMPORT][Nodo-3] t=7511  evento=TICK (envio)
[LAMPORT][Nodo-3] t=7528  evento=UPDATE (recepcion, remoto=7527)
[RA][Nodo-3] SOLICITUD RA recibida de Nodo-1 (ts=7527)
[LAMPORT][Nodo-3] t=7529  evento=TICK (envio)
[LAMPORT][Nodo-3] t=7545  evento=UPDATE (recepcion, remoto=7544)
[RA][Nodo-3] SOLICITUD RA recibida de Nodo-1 (ts=7544)
[LAMPORT][Nodo-3] t=7546  evento=TICK (envio)
[LAMPORT][Nodo-3] t=7562  evento=UPDATE (recepcion, remoto=7561)
[RA][Nodo-3] SOLICITUD RA recibida de Nodo-1 (ts=7561)
[LAMPORT][Nodo-3] t=7563  evento=TICK (envio)
[LAMPORT][Nodo-3] t=7579  evento=UPDATE (recepcion, remoto=7578)
[RA][Nodo-3] SOLICITUD RA recibida de Nodo-1 (ts=7578)
[LAMPORT][Nodo-3] t=7580  evento=TICK (envio)
[LAMPORT][Nodo-3] t=7596  evento=UPDATE (recepcion, remoto=7595)
[RA][Nodo-3] SOLICITUD RA recibida de Nodo-1 (ts=7595)
[LAMPORT][Nodo-3] t=7597  evento=TICK (envio)
[LAMPORT][Nodo-3] t=7613  evento=UPDATE (recepcion, remoto=7612)
[RA][Nodo-3] SOLICITUD RA recibida de Nodo-1 (ts=7612)
[LAMPORT][Nodo-3] t=7614  evento=TICK (envio)
[LAMPORT][Nodo-3] t=7630  evento=UPDATE (recepcion, remoto=7629)
[RA][Nodo-3] SOLICITUD RA recibida de Nodo-1 (ts=7629)
[LAMPORT][Nodo-3] t=7631  evento=TICK (envio)
[LAMPORT][Nodo-3] t=7647  evento=UPDATE (recepcion, remoto=7646)
[RA][Nodo-3] SOLICITUD RA recibida de Nodo-1 (ts=7646)
[LAMPORT][Nodo-3] t=7648  evento=TICK (envio)
[LAMPORT][Nodo-3] t=7664  evento=UPDATE (recepcion, remoto=7663)
[RA][Nodo-3] SOLICITUD RA recibida de Nodo-1 (ts=7663)
[LAMPORT][Nodo-3] t=7665  evento=TICK (envio)
[LAMPORT][Nodo-3] t=7681  evento=UPDATE (recepcion, remoto=7680)
[RA][Nodo-3] SOLICITUD RA recibida de Nodo-1 (ts=7680)
[LAMPORT][Nodo-3] t=7682  evento=TICK (envio)
[LAMPORT][Nodo-3] t=7698  evento=UPDATE (recepcion, remoto=7697)
[RA][Nodo-3] SOLICITUD RA recibida de Nodo-1 (ts=7697)
[LAMPORT][Nodo-3] t=7699  evento=TICK (envio)
[LAMPORT][Nodo-3] t=7708  evento=UPDATE (recepcion, remoto=7707)
[LAMPORT][Nodo-3] t=7710  evento=UPDATE (recepcion, remoto=7709)
[LAMPORT][Nodo-3] t=7716  evento=UPDATE (recepcion, remoto=7715)
[RA][Nodo-3] SOLICITUD RA recibida de Nodo-1 (ts=7715)
[LAMPORT][Nodo-3] t=7717  evento=TICK (envio)
[LAMPORT][Nodo-3] t=7718  evento=TICK (envio)
[LAMPORT][Nodo-3] t=7734  evento=UPDATE (recepcion, remoto=7733)
[RA][Nodo-3] SOLICITUD RA recibida de Nodo-1 (ts=7733)
[LAMPORT][Nodo-3] t=7735  evento=TICK (envio)
[LAMPORT][Nodo-3] t=7751  evento=UPDATE (recepcion, remoto=7750)
[RA][Nodo-3] SOLICITUD RA recibida de Nodo-1 (ts=7750)
[LAMPORT][Nodo-3] t=7752  evento=TICK (envio)
[LAMPORT][Nodo-3] t=7768  evento=UPDATE (recepcion, remoto=7767)
[RA][Nodo-3] SOLICITUD RA recibida de Nodo-1 (ts=7767)
[LAMPORT][Nodo-3] t=7769  evento=TICK (envio)
[LAMPORT][Nodo-3] t=7785  evento=UPDATE (recepcion, remoto=7784)
[RA][Nodo-3] SOLICITUD RA recibida de Nodo-1 (ts=7784)
[LAMPORT][Nodo-3] t=7786  evento=TICK (envio)
[LAMPORT][Nodo-3] t=7802  evento=UPDATE (recepcion, remoto=7801)
[RA][Nodo-3] SOLICITUD RA recibida de Nodo-1 (ts=7801)
[LAMPORT][Nodo-3] t=7803  evento=TICK (envio)
[LAMPORT][Nodo-3] t=7819  evento=UPDATE (recepcion, remoto=7818)
[RA][Nodo-3] SOLICITUD RA recibida de Nodo-1 (ts=7818)
[LAMPORT][Nodo-3] t=7820  evento=TICK (envio)
[LAMPORT][Nodo-3] t=7836  evento=UPDATE (recepcion, remoto=7835)
[RA][Nodo-3] SOLICITUD RA recibida de Nodo-1 (ts=7835)
[LAMPORT][Nodo-3] t=7837  evento=TICK (envio)
[LAMPORT][Nodo-3] t=7853  evento=UPDATE (recepcion, remoto=7852)
[RA][Nodo-3] SOLICITUD RA recibida de Nodo-1 (ts=7852)
[LAMPORT][Nodo-3] t=7854  evento=TICK (envio)
[LAMPORT][Nodo-3] t=7867  evento=UPDATE (recepcion, remoto=7866)
[RA][Nodo-3] SOLICITUD RA recibida de Nodo-2 (ts=7866)
[LAMPORT][Nodo-3] t=7868  evento=TICK (envio)
[LAMPORT][Nodo-3] t=7876  evento=UPDATE (recepcion, remoto=7875)
[RA][Nodo-3] SOLICITUD RA recibida de Nodo-2 (ts=7875)
[LAMPORT][Nodo-3] t=7877  evento=TICK (envio)
[+] Cliente conectado: 127.0.0.1
[LAMPORT][Nodo-3] t=7892  evento=UPDATE (recepcion, remoto=7891)
[LAMPORT][Nodo-3] t=7893  evento=TICK (envio)
[RA][Nodo-3] SOLICITANDO SC (lamport=7893, esperando=2)
[LAMPORT][Nodo-3] t=7896  evento=UPDATE (recepcion, remoto=7895)
[LAMPORT][Nodo-3] t=7897  evento=UPDATE (recepcion, remoto=7895)
[RA][Nodo-3] RESPUESTA RA recibida de Nodo-1 (lamport=7896)
[RA][Nodo-3] RESPUESTA RA recibida de Nodo-2 (lamport=7897)
[RA][Nodo-3] ENTRANDO A SC (lamport=7897)
[RA][Nodo-3] SALIENDO DE SC (lamport=7897)
[LAMPORT][Nodo-3] t=7898  evento=TICK (envio)
[-] Cliente desconectado: 127.0.0.1
[+] Cliente conectado: 127.0.0.1
[LAMPORT][Nodo-3] t=7901  evento=UPDATE (recepcion, remoto=7900)
No se encontró un juego que contenga: 578080
[LAMPORT][Nodo-3] t=7902  evento=TICK (envio)
[-] Cliente desconectado: 127.0.0.1
[+] Cliente conectado: 127.0.0.1
[LAMPORT][Nodo-3] t=7905  evento=UPDATE (recepcion, remoto=7904)
[LAMPORT][Nodo-3] t=7908  evento=UPDATE (recepcion, remoto=7907)
[RA][Nodo-3] SOLICITUD RA recibida de Nodo-1 (ts=7907)
[LAMPORT][Nodo-3] t=7909  evento=TICK (envio)
[LAMPORT][Nodo-3] t=7915  evento=UPDATE (recepcion, remoto=7914)
[RA][Nodo-3] SOLICITUD RA recibida de Nodo-1 (ts=7914)
[LAMPORT][Nodo-3] t=7916  evento=TICK (envio)
[LAMPORT][Nodo-3] t=7922  evento=UPDATE (recepcion, remoto=7921)
[RA][Nodo-3] SOLICITUD RA recibida de Nodo-1 (ts=7921)
[LAMPORT][Nodo-3] t=7923  evento=TICK (envio)
Error al conectar a la API para ES. Código: 403
Error al conectar a la API para US. Código: 403
Error al conectar a la API para ES. Código: 403
[LAMPORT][Nodo-3] t=7929  evento=UPDATE (recepcion, remoto=7928)
[RA][Nodo-3] SOLICITUD RA recibida de Nodo-1 (ts=7928)
[LAMPORT][Nodo-3] t=7930  evento=TICK (envio)
Error procesando precio para ES: argument "content" is null
Error procesando precio para ES: argument "content" is null
Error procesando precio para US: argument "content" is null
[LAMPORT][Nodo-3] t=7931  evento=TICK (envio)
[-] Cliente desconectado: 127.0.0.1
[+] Cliente conectado: 127.0.0.1
[LAMPORT][Nodo-3] t=7937  evento=UPDATE (recepcion, remoto=7936)
[LAMPORT][Nodo-3] t=7938  evento=TICK (envio)
[RA][Nodo-3] SOLICITANDO SC (lamport=7938, esperando=2)
[LAMPORT][Nodo-3] t=7941  evento=UPDATE (recepcion, remoto=7940)
[RA][Nodo-3] RESPUESTA RA recibida de Nodo-1 (lamport=7941)
[LAMPORT][Nodo-3] t=7942  evento=UPDATE (recepcion, remoto=7940)
[RA][Nodo-3] RESPUESTA RA recibida de Nodo-2 (lamport=7942)
[RA][Nodo-3] ENTRANDO A SC (lamport=7942)
[RA][Nodo-3] SALIENDO DE SC (lamport=7942)
[LAMPORT][Nodo-3] t=7943  evento=TICK (envio)
[-] Cliente desconectado: 127.0.0.1
[+] Cliente conectado: 127.0.0.1
[LAMPORT][Nodo-3] t=7946  evento=UPDATE (recepcion, remoto=7945)
[LAMPORT][Nodo-3] t=7947  evento=TICK (envio)
[RA][Nodo-3] SOLICITANDO SC (lamport=7947, esperando=2)
[+] Cliente conectado: 127.0.0.1
[LAMPORT][Nodo-3] t=7950  evento=UPDATE (recepcion, remoto=7949)
[RA][Nodo-3] RESPUESTA RA recibida de Nodo-1 (lamport=7950)
[LAMPORT][Nodo-3] t=7951  evento=UPDATE (recepcion, remoto=7946)
[LAMPORT][Nodo-3] t=7952  evento=TICK (envio)
[LAMPORT][Nodo-3] t=7953  evento=UPDATE (recepcion, remoto=7949)
[RA][Nodo-3] RESPUESTA RA recibida de Nodo-2 (lamport=7953)
[RA][Nodo-3] SOLICITANDO SC (lamport=7952, esperando=2)
[RA][Nodo-3] ENTRANDO A SC (lamport=7953)
[LAMPORT][Nodo-3] t=7955  evento=UPDATE (recepcion, remoto=7954)
[RA][Nodo-3] RESPUESTA RA recibida de Nodo-1 (lamport=7955)
[LAMPORT][Nodo-3] t=7956  evento=UPDATE (recepcion, remoto=7954)
[RA][Nodo-3] RESPUESTA RA recibida de Nodo-2 (lamport=7956)
[RA][Nodo-3] SALIENDO DE SC (lamport=7956)
[LAMPORT][Nodo-3] t=7957  evento=TICK (envio)
[-] Cliente desconectado: 127.0.0.1
[+] Cliente conectado: 127.0.0.1
[LAMPORT][Nodo-3] t=7960  evento=UPDATE (recepcion, remoto=7959)
[LAMPORT][Nodo-3] t=7961  evento=TICK (envio)
[-] Cliente desconectado: 127.0.0.1
[+] Cliente conectado: 127.0.0.1
[LAMPORT][Nodo-3] t=7964  evento=UPDATE (recepcion, remoto=7963)
No se encontró un juego que contenga: 892970
[LAMPORT][Nodo-3] t=7965  evento=TICK (envio)
[-] Cliente desconectado: 127.0.0.1
[+] Cliente conectado: 127.0.0.1
[LAMPORT][Nodo-3] t=7968  evento=UPDATE (recepcion, remoto=7967)
[+] Cliente conectado: 127.0.0.1
[LAMPORT][Nodo-3] t=7969  evento=UPDATE (recepcion, remoto=7968)
[LAMPORT][Nodo-3] t=7972  evento=UPDATE (recepcion, remoto=7971)
[RA][Nodo-3] SOLICITUD RA recibida de Nodo-1 (ts=7971)
[LAMPORT][Nodo-3] t=7973  evento=TICK (envio)
[LAMPORT][Nodo-3] t=7979  evento=UPDATE (recepcion, remoto=7978)
[RA][Nodo-3] SOLICITUD RA recibida de Nodo-1 (ts=7978)
[LAMPORT][Nodo-3] t=7980  evento=TICK (envio)
Error al conectar a la API para US. Código: 403
Error al conectar a la API para US. Código: 403
Error procesando precio para US: argument "content" is null
Error procesando precio para US: argument "content" is null
Error al conectar a la API para ES. Código: 403
Error procesando precio para ES: argument "content" is null
[LAMPORT][Nodo-3] t=7981  evento=TICK (envio)
[-] Cliente desconectado: 127.0.0.1
Error al conectar a la API para CL. Código: 403
Error al conectar a la API para US. Código: 403
Error procesando precio para CL: argument "content" is null
Error procesando precio para US: argument "content" is null
Error al conectar a la API para AR. Código: 403
Error procesando precio para AR: argument "content" is null
[LAMPORT][Nodo-3] t=7982  evento=TICK (envio)
[-] Cliente desconectado: 127.0.0.1
[+] Cliente conectado: 127.0.0.1
[LAMPORT][Nodo-3] t=7985  evento=UPDATE (recepcion, remoto=7984)
[LAMPORT][Nodo-3] t=7986  evento=TICK (envio)
[RA][Nodo-3] SOLICITANDO SC (lamport=7986, esperando=2)
[LAMPORT][Nodo-3] t=7989  evento=UPDATE (recepcion, remoto=7988)
[RA][Nodo-3] RESPUESTA RA recibida de Nodo-1 (lamport=7989)
[RA][Nodo-3] ENTRANDO A SC (lamport=7989)
[LAMPORT][Nodo-3] t=7990  evento=UPDATE (recepcion, remoto=7988)
[RA][Nodo-3] RESPUESTA RA recibida de Nodo-2 (lamport=7990)
Error en transacción de compra: Cannot add or update a child row: a foreign key constraint fails (`project_db_extended`.`bibliotecas`, CONSTRAINT `fk_bib_juego` FOREIGN KEY (`id_juego`) REFERENCES `juegos` (`id`) ON DELETE CASCADE)
[RA][Nodo-3] SALIENDO DE SC (lamport=7990)
[LAMPORT][Nodo-3] t=7991  evento=TICK (envio)
[-] Cliente desconectado: 127.0.0.1
[+] Cliente conectado: 127.0.0.1
[LAMPORT][Nodo-3] t=7994  evento=UPDATE (recepcion, remoto=7993)
[LAMPORT][Nodo-3] t=7995  evento=TICK (envio)
[RA][Nodo-3] SOLICITANDO SC (lamport=7995, esperando=2)
[LAMPORT][Nodo-3] t=7998  evento=UPDATE (recepcion, remoto=7997)
[RA][Nodo-3] RESPUESTA RA recibida de Nodo-1 (lamport=7998)
[RA][Nodo-3] ENTRANDO A SC (lamport=7998)
[LAMPORT][Nodo-3] t=7999  evento=UPDATE (recepcion, remoto=7997)
[RA][Nodo-3] RESPUESTA RA recibida de Nodo-2 (lamport=7999)
[RA][Nodo-3] SALIENDO DE SC (lamport=7999)
[LAMPORT][Nodo-3] t=8000  evento=TICK (envio)
[-] Cliente desconectado: 127.0.0.1
[LAMPORT][Nodo-3] t=8001  evento=UPDATE (recepcion, remoto=7998)
[+] Cliente conectado: 127.0.0.1
[LAMPORT][Nodo-3] t=8003  evento=UPDATE (recepcion, remoto=8002)
[LAMPORT][Nodo-3] t=8004  evento=TICK (envio)
[-] Cliente desconectado: 127.0.0.1
[+] Cliente conectado: 127.0.0.1
[LAMPORT][Nodo-3] t=8009  evento=UPDATE (recepcion, remoto=8008)
[RA][Nodo-3] SOLICITUD RA recibida de Nodo-1 (ts=8008)
[LAMPORT][Nodo-3] t=8010  evento=TICK (envio)
[LAMPORT][Nodo-3] t=8011  evento=UPDATE (recepcion, remoto=8007)
[LAMPORT][Nodo-3] t=8016  evento=UPDATE (recepcion, remoto=8015)
[RA][Nodo-3] SOLICITUD RA recibida de Nodo-1 (ts=8015)
[LAMPORT][Nodo-3] t=8017  evento=TICK (envio)
[+] Cliente conectado: 127.0.0.1
[LAMPORT][Nodo-3] t=8018  evento=UPDATE (recepcion, remoto=8009)
[LAMPORT][Nodo-3] t=8019  evento=TICK (envio)
[-] Cliente desconectado: 127.0.0.1
[LAMPORT][Nodo-3] t=8020  evento=UPDATE (recepcion, remoto=8018)
Error al conectar a la API para AR. Código: 403
Error al conectar a la API para CL. Código: 403
Error al conectar a la API para US. Código: 403
Error procesando precio para CL: argument "content" is null
Error procesando precio para AR: argument "content" is null
Error procesando precio para US: argument "content" is null
[LAMPORT][Nodo-3] t=8021  evento=TICK (envio)
[-] Cliente desconectado: 127.0.0.1
[+] Cliente conectado: 127.0.0.1
[LAMPORT][Nodo-3] t=8024  evento=UPDATE (recepcion, remoto=8023)
[LAMPORT][Nodo-3] t=8025  evento=TICK (envio)
[RA][Nodo-3] SOLICITANDO SC (lamport=8025, esperando=2)
[LAMPORT][Nodo-3] t=8028  evento=UPDATE (recepcion, remoto=8027)
[RA][Nodo-3] RESPUESTA RA recibida de Nodo-1 (lamport=8028)
[RA][Nodo-3] ENTRANDO A SC (lamport=8028)
[LAMPORT][Nodo-3] t=8029  evento=UPDATE (recepcion, remoto=8027)
[RA][Nodo-3] RESPUESTA RA recibida de Nodo-2 (lamport=8029)
[RA][Nodo-3] SALIENDO DE SC (lamport=8029)
[LAMPORT][Nodo-3] t=8030  evento=TICK (envio)
[-] Cliente desconectado: 127.0.0.1
[+] Cliente conectado: 127.0.0.1
[LAMPORT][Nodo-3] t=8033  evento=UPDATE (recepcion, remoto=8032)
[+] Cliente conectado: 127.0.0.1
[LAMPORT][Nodo-3] t=8034  evento=UPDATE (recepcion, remoto=8033)
[LAMPORT][Nodo-3] t=8035  evento=TICK (envio)
[-] Cliente desconectado: 127.0.0.1
[+] Cliente conectado: 127.0.0.1
[LAMPORT][Nodo-3] t=8038  evento=UPDATE (recepcion, remoto=8037)
Error al conectar a la API para BR. Código: 403
Error al conectar a la API para BR. Código: 403
Error procesando precio para BR: argument "content" is null
Error procesando precio para BR: argument "content" is null
[LAMPORT][Nodo-3] t=8041  evento=UPDATE (recepcion, remoto=8040)
[RA][Nodo-3] SOLICITUD RA recibida de Nodo-1 (ts=8040)
[LAMPORT][Nodo-3] t=8042  evento=TICK (envio)
Error al conectar a la API para US. Código: 403
Error al conectar a la API para US. Código: 403
Error al conectar a la API para ES. Código: 403
Error procesando precio para US: argument "content" is null
Error procesando precio para US: argument "content" is null
Error procesando precio para ES: argument "content" is null
[LAMPORT][Nodo-3] t=8043  evento=TICK (envio)
[-] Cliente desconectado: 127.0.0.1
Error al conectar a la API para AR. Código: 403
Error procesando precio para AR: argument "content" is null
[LAMPORT][Nodo-3] t=8044  evento=TICK (envio)
[-] Cliente desconectado: 127.0.0.1
[LAMPORT][Nodo-3] t=8049  evento=UPDATE (recepcion, remoto=8048)
[RA][Nodo-3] SOLICITUD RA recibida de Nodo-1 (ts=8048)
[LAMPORT][Nodo-3] t=8050  evento=TICK (envio)
[+] Cliente conectado: 127.0.0.1
[LAMPORT][Nodo-3] t=8051  evento=UPDATE (recepcion, remoto=8047)
[LAMPORT][Nodo-3] t=8052  evento=TICK (envio)
[RA][Nodo-3] SOLICITANDO SC (lamport=8052, esperando=2)
[LAMPORT][Nodo-3] t=8056  evento=UPDATE (recepcion, remoto=8055)
[RA][Nodo-3] RESPUESTA RA recibida de Nodo-1 (lamport=8056)
[RA][Nodo-3] ENTRANDO A SC (lamport=8056)
[LAMPORT][Nodo-3] t=8057  evento=UPDATE (recepcion, remoto=8054)
[RA][Nodo-3] RESPUESTA RA recibida de Nodo-2 (lamport=8057)
[RA][Nodo-3] SALIENDO DE SC (lamport=8057)
[LAMPORT][Nodo-3] t=8058  evento=TICK (envio)
[-] Cliente desconectado: 127.0.0.1
[+] Cliente conectado: 127.0.0.1
[LAMPORT][Nodo-3] t=8061  evento=UPDATE (recepcion, remoto=8060)
[LAMPORT][Nodo-3] t=8062  evento=TICK (envio)
[RA][Nodo-3] SOLICITANDO SC (lamport=8062, esperando=2)
[LAMPORT][Nodo-3] t=8065  evento=UPDATE (recepcion, remoto=8064)
[RA][Nodo-3] RESPUESTA RA recibida de Nodo-1 (lamport=8065)
[RA][Nodo-3] ENTRANDO A SC (lamport=8065)
[LAMPORT][Nodo-3] t=8066  evento=UPDATE (recepcion, remoto=8064)
[RA][Nodo-3] RESPUESTA RA recibida de Nodo-2 (lamport=8066)
Error en transacción de compra: Cannot add or update a child row: a foreign key constraint fails (`project_db_extended`.`bibliotecas`, CONSTRAINT `fk_bib_juego` FOREIGN KEY (`id_juego`) REFERENCES `juegos` (`id`) ON DELETE CASCADE)
[RA][Nodo-3] SALIENDO DE SC (lamport=8066)
[LAMPORT][Nodo-3] t=8067  evento=TICK (envio)
[-] Cliente desconectado: 127.0.0.1
[+] Cliente conectado: 127.0.0.1
[+] Cliente conectado: 127.0.0.1
[LAMPORT][Nodo-3] t=8070  evento=UPDATE (recepcion, remoto=8069)
[LAMPORT][Nodo-3] t=8071  evento=UPDATE (recepcion, remoto=8070)
No se encontró un juego que contenga: 1172470
[LAMPORT][Nodo-3] t=8072  evento=TICK (envio)
[-] Cliente desconectado: 127.0.0.1
[LAMPORT][Nodo-3] t=8073  evento=TICK (envio)
[-] Cliente desconectado: 127.0.0.1
[LAMPORT][Nodo-3] t=8074  evento=TICK (envio)
[+] Cliente conectado: 127.0.0.1
[LAMPORT][Nodo-3] t=8076  evento=UPDATE (recepcion, remoto=8075)
[+] Cliente conectado: 127.0.0.1
[LAMPORT][Nodo-3] t=8077  evento=UPDATE (recepcion, remoto=8076)
Error al conectar a la API para AR. Código: 403
Error procesando precio para AR: argument "content" is null
Error al conectar a la API para ES. Código: 403
Error al conectar a la API para MX. Código: 403
Error procesando precio para ES: argument "content" is null
Error procesando precio para MX: argument "content" is null
[LAMPORT][Nodo-3] t=8078  evento=TICK (envio)
[-] Cliente desconectado: 127.0.0.1
Error al conectar a la API para BR. Código: 403
Error procesando precio para BR: argument "content" is null
Error al conectar a la API para MX. Código: 403
Error procesando precio para MX: argument "content" is null
Error al conectar a la API para CL. Código: 403
Error procesando precio para CL: argument "content" is null
[LAMPORT][Nodo-3] t=8079  evento=TICK (envio)
[-] Cliente desconectado: 127.0.0.1
[+] Cliente conectado: 127.0.0.1
[LAMPORT][Nodo-3] t=8082  evento=UPDATE (recepcion, remoto=8081)
[LAMPORT][Nodo-3] t=8083  evento=TICK (envio)
[RA][Nodo-3] SOLICITANDO SC (lamport=8083, esperando=2)
[LAMPORT][Nodo-3] t=8086  evento=UPDATE (recepcion, remoto=8085)
[RA][Nodo-3] RESPUESTA RA recibida de Nodo-1 (lamport=8086)
[RA][Nodo-3] ENTRANDO A SC (lamport=8086)
[LAMPORT][Nodo-3] t=8087  evento=UPDATE (recepcion, remoto=8085)
[RA][Nodo-3] RESPUESTA RA recibida de Nodo-2 (lamport=8087)
[LAMPORT][Nodo-3] t=8088  evento=UPDATE (recepcion, remoto=8087)
[RA][Nodo-3] SOLICITUD RA recibida de Nodo-1 (ts=8087)
[+] Cliente conectado: 127.0.0.1
[RA][Nodo-3] Diferiendo RESPUESTA a Nodo-1
[RA][Nodo-3] SALIENDO DE SC (lamport=8088)
[LAMPORT][Nodo-3] t=8089  evento=TICK (envio)
[LAMPORT][Nodo-3] t=8090  evento=UPDATE (recepcion, remoto=8083)
[LAMPORT][Nodo-3] t=8091  evento=TICK (envio)
[LAMPORT][Nodo-3] t=8092  evento=TICK (envio)
[RA][Nodo-3] SOLICITANDO SC (lamport=8091, esperando=2)
[-] Cliente desconectado: 127.0.0.1
[LAMPORT][Nodo-3] t=8094  evento=UPDATE (recepcion, remoto=8093)
[RA][Nodo-3] RESPUESTA RA recibida de Nodo-2 (lamport=8094)
[RA][Nodo-3] ENTRANDO A SC (lamport=8094)
[LAMPORT][Nodo-3] t=8095  evento=UPDATE (recepcion, remoto=8093)
[RA][Nodo-3] RESPUESTA RA recibida de Nodo-1 (lamport=8095)
[RA][Nodo-3] SALIENDO DE SC (lamport=8095)
[LAMPORT][Nodo-3] t=8096  evento=TICK (envio)
[-] Cliente desconectado: 127.0.0.1
[+] Cliente conectado: 127.0.0.1
[LAMPORT][Nodo-3] t=8099  evento=UPDATE (recepcion, remoto=8098)
[LAMPORT][Nodo-3] t=8100  evento=TICK (envio)
[-] Cliente desconectado: 127.0.0.1
[+] Cliente conectado: 127.0.0.1
[LAMPORT][Nodo-3] t=8103  evento=UPDATE (recepcion, remoto=8102)
[LAMPORT][Nodo-3] t=8106  evento=UPDATE (recepcion, remoto=8105)
[RA][Nodo-3] SOLICITUD RA recibida de Nodo-1 (ts=8105)
[LAMPORT][Nodo-3] t=8107  evento=TICK (envio)
[+] Cliente conectado: 127.0.0.1
[LAMPORT][Nodo-3] t=8108  evento=UPDATE (recepcion, remoto=8104)
[LAMPORT][Nodo-3] t=8109  evento=TICK (envio)
[-] Cliente desconectado: 127.0.0.1
[+] Cliente conectado: 127.0.0.1
[LAMPORT][Nodo-3] t=8112  evento=UPDATE (recepcion, remoto=8111)
Error al conectar a la API para ES. Código: 403
Error al conectar a la API para MX. Código: 403
Error procesando precio para ES: argument "content" is null
Error procesando precio para MX: argument "content" is null
Error al conectar a la API para BR. Código: 403
Error procesando precio para BR: argument "content" is null
[LAMPORT][Nodo-3] t=8113  evento=TICK (envio)
[-] Cliente desconectado: 127.0.0.1
Error al conectar a la API para CL. Código: 403
Error al conectar a la API para BR. Código: 403
Error procesando precio para CL: argument "content" is null
Error procesando precio para BR: argument "content" is null
Error al conectar a la API para CL. Código: 403
Error procesando precio para CL: argument "content" is null
[LAMPORT][Nodo-3] t=8114  evento=TICK (envio)
[-] Cliente desconectado: 127.0.0.1
[+] Cliente conectado: 127.0.0.1
[+] Cliente conectado: 127.0.0.1
[LAMPORT][Nodo-3] t=8118  evento=UPDATE (recepcion, remoto=8117)
[LAMPORT][Nodo-3] t=8119  evento=TICK (envio)
[LAMPORT][Nodo-3] t=8120  evento=UPDATE (recepcion, remoto=8116)
[LAMPORT][Nodo-3] t=8121  evento=TICK (envio)
[RA][Nodo-3] SOLICITANDO SC (lamport=8119, esperando=2)
[RA][Nodo-3] SOLICITANDO SC (lamport=8121, esperando=2)
[LAMPORT][Nodo-3] t=8124  evento=UPDATE (recepcion, remoto=8123)
[RA][Nodo-3] RESPUESTA RA recibida de Nodo-1 (lamport=8124)
[RA][Nodo-3] ENTRANDO A SC (lamport=8124)
[LAMPORT][Nodo-3] t=8126  evento=UPDATE (recepcion, remoto=8125)
[RA][Nodo-3] RESPUESTA RA recibida de Nodo-1 (lamport=8126)
[LAMPORT][Nodo-3] t=8127  evento=UPDATE (recepcion, remoto=8123)
[RA][Nodo-3] RESPUESTA RA recibida de Nodo-2 (lamport=8127)
[LAMPORT][Nodo-3] t=8128  evento=UPDATE (recepcion, remoto=8125)
[RA][Nodo-3] RESPUESTA RA recibida de Nodo-2 (lamport=8128)
Error en transacción de compra: Cannot add or update a child row: a foreign key constraint fails (`project_db_extended`.`bibliotecas`, CONSTRAINT `fk_bib_juego` FOREIGN KEY (`id_juego`) REFERENCES `juegos` (`id`) ON DELETE CASCADE)
[RA][Nodo-3] SALIENDO DE SC (lamport=8128)
[LAMPORT][Nodo-3] t=8129  evento=TICK (envio)
[-] Cliente desconectado: 127.0.0.1
[LAMPORT][Nodo-3] t=8134  evento=UPDATE (recepcion, remoto=8133)
[RA][Nodo-3] SOLICITUD RA recibida de Nodo-1 (ts=8133)
[LAMPORT][Nodo-3] t=8135  evento=TICK (envio)
[+] Cliente conectado: 127.0.0.1
[LAMPORT][Nodo-3] t=8136  evento=UPDATE (recepcion, remoto=8133)
[LAMPORT][Nodo-3] t=8141  evento=UPDATE (recepcion, remoto=8140)
[RA][Nodo-3] SOLICITUD RA recibida de Nodo-1 (ts=8140)
[LAMPORT][Nodo-3] t=8142  evento=TICK (envio)
No se encontró un juego que contenga: 578080
[LAMPORT][Nodo-3] t=8143  evento=TICK (envio)
[-] Cliente desconectado: 127.0.0.1
[+] Cliente conectado: 127.0.0.1
[LAMPORT][Nodo-3] t=8146  evento=UPDATE (recepcion, remoto=8145)
Error al conectar a la API para CL. Código: 403
Error al conectar a la API para CL. Código: 403
Error procesando precio para CL: argument "content" is null
Error procesando precio para CL: argument "content" is null
Error al conectar a la API para ES. Código: 403
Error procesando precio para ES: argument "content" is null
[LAMPORT][Nodo-3] t=8147  evento=TICK (envio)
[-] Cliente desconectado: 127.0.0.1
[+] Cliente conectado: 127.0.0.1
[LAMPORT][Nodo-3] t=8150  evento=UPDATE (recepcion, remoto=8149)
[LAMPORT][Nodo-3] t=8151  evento=TICK (envio)
[RA][Nodo-3] SOLICITANDO SC (lamport=8151, esperando=2)
[LAMPORT][Nodo-3] t=8154  evento=UPDATE (recepcion, remoto=8153)
[RA][Nodo-3] RESPUESTA RA recibida de Nodo-1 (lamport=8154)
[RA][Nodo-3] ENTRANDO A SC (lamport=8154)
[LAMPORT][Nodo-3] t=8155  evento=UPDATE (recepcion, remoto=8153)
[RA][Nodo-3] RESPUESTA RA recibida de Nodo-2 (lamport=8155)
Error en transacción de compra: Cannot add or update a child row: a foreign key constraint fails (`project_db_extended`.`bibliotecas`, CONSTRAINT `fk_bib_juego` FOREIGN KEY (`id_juego`) REFERENCES `juegos` (`id`) ON DELETE CASCADE)
[RA][Nodo-3] SALIENDO DE SC (lamport=8155)
[LAMPORT][Nodo-3] t=8156  evento=TICK (envio)
[-] Cliente desconectado: 127.0.0.1
[+] Cliente conectado: 127.0.0.1
[LAMPORT][Nodo-3] t=8159  evento=UPDATE (recepcion, remoto=8158)
[LAMPORT][Nodo-3] t=8160  evento=TICK (envio)
[-] Cliente desconectado: 127.0.0.1
[+] Cliente conectado: 127.0.0.1
[LAMPORT][Nodo-3] t=8163  evento=UPDATE (recepcion, remoto=8162)
[LAMPORT][Nodo-3] t=8166  evento=UPDATE (recepcion, remoto=8165)
[RA][Nodo-3] SOLICITUD RA recibida de Nodo-1 (ts=8165)
[LAMPORT][Nodo-3] t=8167  evento=TICK (envio)
[LAMPORT][Nodo-3] t=8173  evento=UPDATE (recepcion, remoto=8172)
[RA][Nodo-3] SOLICITUD RA recibida de Nodo-1 (ts=8172)
[LAMPORT][Nodo-3] t=8174  evento=TICK (envio)
Error al conectar a la API para CL. Código: 403
Error procesando precio para CL: argument "content" is null
Error al conectar a la API para BR. Código: 403
Error al conectar a la API para BR. Código: 403
Error procesando precio para BR: argument "content" is null
Error procesando precio para BR: argument "content" is null
[LAMPORT][Nodo-3] t=8175  evento=TICK (envio)
[-] Cliente desconectado: 127.0.0.1
[+] Cliente conectado: 127.0.0.1
[LAMPORT][Nodo-3] t=8178  evento=UPDATE (recepcion, remoto=8177)
[LAMPORT][Nodo-3] t=8179  evento=TICK (envio)
[RA][Nodo-3] SOLICITANDO SC (lamport=8179, esperando=2)
[LAMPORT][Nodo-3] t=8182  evento=UPDATE (recepcion, remoto=8181)
[RA][Nodo-3] RESPUESTA RA recibida de Nodo-1 (lamport=8182)
[RA][Nodo-3] ENTRANDO A SC (lamport=8182)
[LAMPORT][Nodo-3] t=8183  evento=UPDATE (recepcion, remoto=8181)
[RA][Nodo-3] RESPUESTA RA recibida de Nodo-2 (lamport=8183)
[RA][Nodo-3] SALIENDO DE SC (lamport=8183)
[LAMPORT][Nodo-3] t=8184  evento=TICK (envio)
[-] Cliente desconectado: 127.0.0.1
[+] Cliente conectado: 127.0.0.1
[LAMPORT][Nodo-3] t=8187  evento=UPDATE (recepcion, remoto=8186)
[LAMPORT][Nodo-3] t=8188  evento=TICK (envio)
[-] Cliente desconectado: 127.0.0.1
[LAMPORT][Nodo-3] t=8193  evento=UPDATE (recepcion, remoto=8192)
[RA][Nodo-3] SOLICITUD RA recibida de Nodo-1 (ts=8192)
[LAMPORT][Nodo-3] t=8194  evento=TICK (envio)
[+] Cliente conectado: 127.0.0.1
[LAMPORT][Nodo-3] t=8195  evento=UPDATE (recepcion, remoto=8191)
[LAMPORT][Nodo-3] t=8200  evento=UPDATE (recepcion, remoto=8199)
[RA][Nodo-3] SOLICITUD RA recibida de Nodo-1 (ts=8199)
[LAMPORT][Nodo-3] t=8201  evento=TICK (envio)
Error al conectar a la API para BR. Código: 403
Error al conectar a la API para ES. Código: 403
Error procesando precio para ES: argument "content" is null
Error procesando precio para BR: argument "content" is null
Error al conectar a la API para CL. Código: 403
Error procesando precio para CL: argument "content" is null
[LAMPORT][Nodo-3] t=8202  evento=TICK (envio)
[-] Cliente desconectado: 127.0.0.1
[LAMPORT][Nodo-3] t=8207  evento=UPDATE (recepcion, remoto=8206)
[RA][Nodo-3] SOLICITUD RA recibida de Nodo-1 (ts=8206)
[LAMPORT][Nodo-3] t=8208  evento=TICK (envio)
[+] Cliente conectado: 127.0.0.1
[LAMPORT][Nodo-3] t=8209  evento=UPDATE (recepcion, remoto=8205)
[LAMPORT][Nodo-3] t=8210  evento=TICK (envio)
[RA][Nodo-3] SOLICITANDO SC (lamport=8210, esperando=2)
[LAMPORT][Nodo-3] t=8214  evento=UPDATE (recepcion, remoto=8213)
[RA][Nodo-3] RESPUESTA RA recibida de Nodo-1 (lamport=8214)
[RA][Nodo-3] ENTRANDO A SC (lamport=8214)
[LAMPORT][Nodo-3] t=8215  evento=UPDATE (recepcion, remoto=8212)
[RA][Nodo-3] RESPUESTA RA recibida de Nodo-2 (lamport=8215)
Error en transacción de compra: Cannot add or update a child row: a foreign key constraint fails (`project_db_extended`.`bibliotecas`, CONSTRAINT `fk_bib_juego` FOREIGN KEY (`id_juego`) REFERENCES `juegos` (`id`) ON DELETE CASCADE)
[RA][Nodo-3] SALIENDO DE SC (lamport=8215)
[LAMPORT][Nodo-3] t=8216  evento=TICK (envio)
[-] Cliente desconectado: 127.0.0.1
[LAMPORT][Nodo-3] t=8221  evento=UPDATE (recepcion, remoto=8220)
[RA][Nodo-3] SOLICITUD RA recibida de Nodo-1 (ts=8220)
[LAMPORT][Nodo-3] t=8222  evento=TICK (envio)
[+] Cliente conectado: 127.0.0.1
[LAMPORT][Nodo-3] t=8223  evento=UPDATE (recepcion, remoto=8219)
[LAMPORT][Nodo-3] t=8224  evento=TICK (envio)
[-] Cliente desconectado: 127.0.0.1
[LAMPORT][Nodo-3] t=8229  evento=UPDATE (recepcion, remoto=8228)
[RA][Nodo-3] SOLICITUD RA recibida de Nodo-1 (ts=8228)
[LAMPORT][Nodo-3] t=8230  evento=TICK (envio)
[+] Cliente conectado: 127.0.0.1
[LAMPORT][Nodo-3] t=8231  evento=UPDATE (recepcion, remoto=8227)
Error al conectar a la API para BR. Código: 403
Error al conectar a la API para MX. Código: 403
Error al conectar a la API para CL. Código: 403
Error procesando precio para BR: argument "content" is null
Error procesando precio para MX: argument "content" is null
Error procesando precio para CL: argument "content" is null
[LAMPORT][Nodo-3] t=8232  evento=TICK (envio)
[-] Cliente desconectado: 127.0.0.1
[+] Cliente conectado: 127.0.0.1
[LAMPORT][Nodo-3] t=8235  evento=UPDATE (recepcion, remoto=8234)
[LAMPORT][Nodo-3] t=8236  evento=TICK (envio)
[RA][Nodo-3] SOLICITANDO SC (lamport=8236, esperando=2)
[LAMPORT][Nodo-3] t=8239  evento=UPDATE (recepcion, remoto=8238)
[RA][Nodo-3] RESPUESTA RA recibida de Nodo-1 (lamport=8239)
[RA][Nodo-3] ENTRANDO A SC (lamport=8239)
[LAMPORT][Nodo-3] t=8240  evento=UPDATE (recepcion, remoto=8238)
[RA][Nodo-3] RESPUESTA RA recibida de Nodo-2 (lamport=8240)
[RA][Nodo-3] SALIENDO DE SC (lamport=8240)
[LAMPORT][Nodo-3] t=8241  evento=TICK (envio)
[-] Cliente desconectado: 127.0.0.1
[+] Cliente conectado: 127.0.0.1
[LAMPORT][Nodo-3] t=8244  evento=UPDATE (recepcion, remoto=8243)
No se encontró un juego que contenga: 892970
[LAMPORT][Nodo-3] t=8245  evento=TICK (envio)
[-] Cliente desconectado: 127.0.0.1
[LAMPORT][Nodo-3] t=8250  evento=UPDATE (recepcion, remoto=8249)
[RA][Nodo-3] SOLICITUD RA recibida de Nodo-1 (ts=8249)
[LAMPORT][Nodo-3] t=8251  evento=TICK (envio)
[LAMPORT][Nodo-3] t=8257  evento=UPDATE (recepcion, remoto=8256)
[RA][Nodo-3] SOLICITUD RA recibida de Nodo-1 (ts=8256)
[LAMPORT][Nodo-3] t=8258  evento=TICK (envio)
[+] Cliente conectado: 127.0.0.1
[LAMPORT][Nodo-3] t=8259  evento=UPDATE (recepcion, remoto=8249)
Error al conectar a la API para US. Código: 403
Error al conectar a la API para US. Código: 403
Error al conectar a la API para AR. Código: 403
Error procesando precio para US: argument "content" is null
Error procesando precio para US: argument "content" is null
Error procesando precio para AR: argument "content" is null
[LAMPORT][Nodo-3] t=8260  evento=TICK (envio)
[-] Cliente desconectado: 127.0.0.1
[+] Cliente conectado: 127.0.0.1
[LAMPORT][Nodo-3] t=8263  evento=UPDATE (recepcion, remoto=8262)
[LAMPORT][Nodo-3] t=8264  evento=TICK (envio)
[RA][Nodo-3] SOLICITANDO SC (lamport=8264, esperando=2)
[LAMPORT][Nodo-3] t=8267  evento=UPDATE (recepcion, remoto=8266)
[RA][Nodo-3] RESPUESTA RA recibida de Nodo-1 (lamport=8267)
[RA][Nodo-3] ENTRANDO A SC (lamport=8267)
[LAMPORT][Nodo-3] t=8268  evento=UPDATE (recepcion, remoto=8266)
[RA][Nodo-3] RESPUESTA RA recibida de Nodo-2 (lamport=8268)
[RA][Nodo-3] SALIENDO DE SC (lamport=8268)
[LAMPORT][Nodo-3] t=8269  evento=TICK (envio)
[-] Cliente desconectado: 127.0.0.1
[+] Cliente conectado: 127.0.0.1
[LAMPORT][Nodo-3] t=8272  evento=UPDATE (recepcion, remoto=8271)
[LAMPORT][Nodo-3] t=8275  evento=UPDATE (recepcion, remoto=8274)
[RA][Nodo-3] SOLICITUD RA recibida de Nodo-1 (ts=8274)
[LAMPORT][Nodo-3] t=8276  evento=TICK (envio)
No se encontró un juego que contenga: 892970
[LAMPORT][Nodo-3] t=8277  evento=TICK (envio)
[-] Cliente desconectado: 127.0.0.1
[+] Cliente conectado: 127.0.0.1
[LAMPORT][Nodo-3] t=8280  evento=UPDATE (recepcion, remoto=8279)
[LAMPORT][Nodo-3] t=8283  evento=UPDATE (recepcion, remoto=8282)
[RA][Nodo-3] SOLICITUD RA recibida de Nodo-1 (ts=8282)
[LAMPORT][Nodo-3] t=8284  evento=TICK (envio)
Error al conectar a la API para MX. Código: 403
Error al conectar a la API para ES. Código: 403
Error procesando precio para ES: argument "content" is null
Error procesando precio para MX: argument "content" is null
Error al conectar a la API para CL. Código: 403
Error procesando precio para CL: argument "content" is null
[LAMPORT][Nodo-3] t=8285  evento=TICK (envio)
[-] Cliente desconectado: 127.0.0.1
[+] Cliente conectado: 127.0.0.1
[LAMPORT][Nodo-3] t=8288  evento=UPDATE (recepcion, remoto=8287)
[LAMPORT][Nodo-3] t=8289  evento=TICK (envio)
[RA][Nodo-3] SOLICITANDO SC (lamport=8289, esperando=2)
[LAMPORT][Nodo-3] t=8292  evento=UPDATE (recepcion, remoto=8291)
[RA][Nodo-3] RESPUESTA RA recibida de Nodo-1 (lamport=8292)
[RA][Nodo-3] ENTRANDO A SC (lamport=8292)
[LAMPORT][Nodo-3] t=8293  evento=UPDATE (recepcion, remoto=8291)
[RA][Nodo-3] RESPUESTA RA recibida de Nodo-2 (lamport=8293)
[RA][Nodo-3] SALIENDO DE SC (lamport=8293)
[LAMPORT][Nodo-3] t=8294  evento=TICK (envio)
[-] Cliente desconectado: 127.0.0.1
[+] Cliente conectado: 127.0.0.1
[LAMPORT][Nodo-3] t=8297  evento=UPDATE (recepcion, remoto=8296)
No se encontró un juego que contenga: 892970
[LAMPORT][Nodo-3] t=8298  evento=TICK (envio)
[-] Cliente desconectado: 127.0.0.1
[LAMPORT][Nodo-3] t=8305  evento=UPDATE (recepcion, remoto=8304)
[RA][Nodo-3] SOLICITUD RA recibida de Nodo-1 (ts=8304)
[LAMPORT][Nodo-3] t=8306  evento=TICK (envio)
[LAMPORT][Nodo-3] t=8307  evento=UPDATE (recepcion, remoto=8304)
[RA][Nodo-3] SOLICITUD RA recibida de Nodo-1 (ts=8304)
[LAMPORT][Nodo-3] t=8308  evento=TICK (envio)
[+] Cliente conectado: 127.0.0.1
[LAMPORT][Nodo-3] t=8309  evento=UPDATE (recepcion, remoto=8302)
Error al conectar a la API para MX. Código: 403
Error al conectar a la API para MX. Código: 403
Error procesando precio para MX: argument "content" is null
Error procesando precio para MX: argument "content" is null
Error al conectar a la API para US. Código: 403
Error procesando precio para US: argument "content" is null
[LAMPORT][Nodo-3] t=8310  evento=TICK (envio)
[-] Cliente desconectado: 127.0.0.1
[+] Cliente conectado: 127.0.0.1
[LAMPORT][Nodo-3] t=8313  evento=UPDATE (recepcion, remoto=8312)
[LAMPORT][Nodo-3] t=8314  evento=TICK (envio)
[RA][Nodo-3] SOLICITANDO SC (lamport=8314, esperando=2)
[LAMPORT][Nodo-3] t=8317  evento=UPDATE (recepcion, remoto=8316)
[RA][Nodo-3] RESPUESTA RA recibida de Nodo-1 (lamport=8317)
[RA][Nodo-3] ENTRANDO A SC (lamport=8317)
[LAMPORT][Nodo-3] t=8318  evento=UPDATE (recepcion, remoto=8316)
[RA][Nodo-3] RESPUESTA RA recibida de Nodo-2 (lamport=8318)
Error en transacción de compra: Cannot add or update a child row: a foreign key constraint fails (`project_db_extended`.`bibliotecas`, CONSTRAINT `fk_bib_juego` FOREIGN KEY (`id_juego`) REFERENCES `juegos` (`id`) ON DELETE CASCADE)
[RA][Nodo-3] SALIENDO DE SC (lamport=8318)
[LAMPORT][Nodo-3] t=8319  evento=TICK (envio)
[-] Cliente desconectado: 127.0.0.1
[+] Cliente conectado: 127.0.0.1
[LAMPORT][Nodo-3] t=8322  evento=UPDATE (recepcion, remoto=8321)
[LAMPORT][Nodo-3] t=8323  evento=TICK (envio)
[-] Cliente desconectado: 127.0.0.1
[LAMPORT][Nodo-3] t=8328  evento=UPDATE (recepcion, remoto=8327)
[RA][Nodo-3] SOLICITUD RA recibida de Nodo-1 (ts=8327)
[LAMPORT][Nodo-3] t=8329  evento=TICK (envio)
[+] Cliente conectado: 127.0.0.1
[LAMPORT][Nodo-3] t=8330  evento=UPDATE (recepcion, remoto=8326)
Error al conectar a la API para CL. Código: 403
Error al conectar a la API para ES. Código: 403
Error al conectar a la API para ES. Código: 403
Error procesando precio para CL: argument "content" is null
Error procesando precio para ES: argument "content" is null
Error procesando precio para ES: argument "content" is null
[LAMPORT][Nodo-3] t=8331  evento=TICK (envio)
[-] Cliente desconectado: 127.0.0.1
[+] Cliente conectado: 127.0.0.1
[LAMPORT][Nodo-3] t=8334  evento=UPDATE (recepcion, remoto=8333)
[LAMPORT][Nodo-3] t=8335  evento=TICK (envio)
[RA][Nodo-3] SOLICITANDO SC (lamport=8335, esperando=2)
[LAMPORT][Nodo-3] t=8338  evento=UPDATE (recepcion, remoto=8337)
[RA][Nodo-3] RESPUESTA RA recibida de Nodo-1 (lamport=8338)
[RA][Nodo-3] ENTRANDO A SC (lamport=8338)
[LAMPORT][Nodo-3] t=8339  evento=UPDATE (recepcion, remoto=8337)
[RA][Nodo-3] RESPUESTA RA recibida de Nodo-2 (lamport=8339)
[RA][Nodo-3] SALIENDO DE SC (lamport=8339)
[LAMPORT][Nodo-3] t=8340  evento=TICK (envio)
[-] Cliente desconectado: 127.0.0.1
[+] Cliente conectado: 127.0.0.1
[LAMPORT][Nodo-3] t=8343  evento=UPDATE (recepcion, remoto=8342)
No se encontró un juego que contenga: 892970
[LAMPORT][Nodo-3] t=8344  evento=TICK (envio)
[-] Cliente desconectado: 127.0.0.1
[LAMPORT][Nodo-3] t=8349  evento=UPDATE (recepcion, remoto=8348)
[RA][Nodo-3] SOLICITUD RA recibida de Nodo-1 (ts=8348)
[LAMPORT][Nodo-3] t=8350  evento=TICK (envio)
[+] Cliente conectado: 127.0.0.1
[LAMPORT][Nodo-3] t=8351  evento=UPDATE (recepcion, remoto=8347)
Error al conectar a la API para AR. Código: 403
Error al conectar a la API para CL. Código: 403
Error procesando precio para AR: argument "content" is null
Error procesando precio para CL: argument "content" is null
Error al conectar a la API para MX. Código: 403
Error procesando precio para MX: argument "content" is null
[LAMPORT][Nodo-3] t=8352  evento=TICK (envio)
[-] Cliente desconectado: 127.0.0.1
[+] Cliente conectado: 127.0.0.1
[LAMPORT][Nodo-3] t=8355  evento=UPDATE (recepcion, remoto=8354)
[LAMPORT][Nodo-3] t=8356  evento=TICK (envio)
[RA][Nodo-3] SOLICITANDO SC (lamport=8356, esperando=2)
[LAMPORT][Nodo-3] t=8359  evento=UPDATE (recepcion, remoto=8358)
[RA][Nodo-3] RESPUESTA RA recibida de Nodo-1 (lamport=8359)
[RA][Nodo-3] ENTRANDO A SC (lamport=8359)
[LAMPORT][Nodo-3] t=8360  evento=UPDATE (recepcion, remoto=8358)
[RA][Nodo-3] RESPUESTA RA recibida de Nodo-2 (lamport=8360)
[RA][Nodo-3] SALIENDO DE SC (lamport=8360)
[LAMPORT][Nodo-3] t=8361  evento=TICK (envio)
[-] Cliente desconectado: 127.0.0.1
[LAMPORT][Nodo-3] t=8366  evento=UPDATE (recepcion, remoto=8365)
[RA][Nodo-3] SOLICITUD RA recibida de Nodo-1 (ts=8365)
[LAMPORT][Nodo-3] t=8367  evento=TICK (envio)
[+] Cliente conectado: 127.0.0.1
[LAMPORT][Nodo-3] t=8368  evento=UPDATE (recepcion, remoto=8364)
No se encontró un juego que contenga: 578080
[LAMPORT][Nodo-3] t=8369  evento=TICK (envio)
[-] Cliente desconectado: 127.0.0.1
[+] Cliente conectado: 127.0.0.1
[LAMPORT][Nodo-3] t=8372  evento=UPDATE (recepcion, remoto=8371)
Error al conectar a la API para MX. Código: 403
Error al conectar a la API para BR. Código: 403
Error procesando precio para MX: argument "content" is null
Error procesando precio para BR: argument "content" is null
Error al conectar a la API para MX. Código: 403
Error procesando precio para MX: argument "content" is null
[LAMPORT][Nodo-3] t=8373  evento=TICK (envio)
[-] Cliente desconectado: 127.0.0.1
[+] Cliente conectado: 127.0.0.1
[LAMPORT][Nodo-3] t=8376  evento=UPDATE (recepcion, remoto=8375)
[LAMPORT][Nodo-3] t=8377  evento=TICK (envio)
[RA][Nodo-3] SOLICITANDO SC (lamport=8377, esperando=2)
[LAMPORT][Nodo-3] t=8380  evento=UPDATE (recepcion, remoto=8379)
[RA][Nodo-3] RESPUESTA RA recibida de Nodo-1 (lamport=8380)
[RA][Nodo-3] ENTRANDO A SC (lamport=8380)
[LAMPORT][Nodo-3] t=8381  evento=UPDATE (recepcion, remoto=8379)
[RA][Nodo-3] RESPUESTA RA recibida de Nodo-2 (lamport=8381)
[RA][Nodo-3] SALIENDO DE SC (lamport=8381)
[LAMPORT][Nodo-3] t=8382  evento=TICK (envio)
[-] Cliente desconectado: 127.0.0.1
[+] Cliente conectado: 127.0.0.1
[LAMPORT][Nodo-3] t=8385  evento=UPDATE (recepcion, remoto=8384)
No se encontró un juego que contenga: 1172470
[LAMPORT][Nodo-3] t=8386  evento=TICK (envio)
[-] Cliente desconectado: 127.0.0.1
[+] Cliente conectado: 127.0.0.1
[LAMPORT][Nodo-3] t=8389  evento=UPDATE (recepcion, remoto=8388)
[LAMPORT][Nodo-3] t=8392  evento=UPDATE (recepcion, remoto=8391)
[RA][Nodo-3] SOLICITUD RA recibida de Nodo-1 (ts=8391)
[LAMPORT][Nodo-3] t=8393  evento=TICK (envio)
Error al conectar a la API para MX. Código: 403
Error al conectar a la API para MX. Código: 403
Error al conectar a la API para BR. Código: 403
Error procesando precio para MX: argument "content" is null
Error procesando precio para MX: argument "content" is null
Error procesando precio para BR: argument "content" is null
[LAMPORT][Nodo-3] t=8394  evento=TICK (envio)
[-] Cliente desconectado: 127.0.0.1
[+] Cliente conectado: 127.0.0.1
[LAMPORT][Nodo-3] t=8397  evento=UPDATE (recepcion, remoto=8396)
[LAMPORT][Nodo-3] t=8398  evento=TICK (envio)
[RA][Nodo-3] SOLICITANDO SC (lamport=8398, esperando=2)
[LAMPORT][Nodo-3] t=8401  evento=UPDATE (recepcion, remoto=8400)
[RA][Nodo-3] RESPUESTA RA recibida de Nodo-1 (lamport=8401)
[RA][Nodo-3] ENTRANDO A SC (lamport=8401)
[LAMPORT][Nodo-3] t=8402  evento=UPDATE (recepcion, remoto=8400)
[RA][Nodo-3] RESPUESTA RA recibida de Nodo-2 (lamport=8402)
[RA][Nodo-3] SALIENDO DE SC (lamport=8402)
[LAMPORT][Nodo-3] t=8403  evento=TICK (envio)
[-] Cliente desconectado: 127.0.0.1
[+] Cliente conectado: 127.0.0.1
[LAMPORT][Nodo-3] t=8406  evento=UPDATE (recepcion, remoto=8405)
[LAMPORT][Nodo-3] t=8407  evento=TICK (envio)
[-] Cliente desconectado: 127.0.0.1
[+] Cliente conectado: 127.0.0.1
[LAMPORT][Nodo-3] t=8410  evento=UPDATE (recepcion, remoto=8409)
[LAMPORT][Nodo-3] t=8411  evento=UPDATE (recepcion, remoto=8401)
Error al conectar a la API para US. Código: 403
Error al conectar a la API para CL. Código: 403
Error procesando precio para US: argument "content" is null
Error procesando precio para CL: argument "content" is null
[LAMPORT][Nodo-3] t=8412  evento=UPDATE (recepcion, remoto=8403)
Error al conectar a la API para MX. Código: 403
Error procesando precio para MX: argument "content" is null
[LAMPORT][Nodo-3] t=8413  evento=TICK (envio)
[-] Cliente desconectado: 127.0.0.1
[LAMPORT][Nodo-3] t=8418  evento=UPDATE (recepcion, remoto=8417)
[RA][Nodo-3] SOLICITUD RA recibida de Nodo-1 (ts=8417)
[LAMPORT][Nodo-3] t=8419  evento=TICK (envio)
[+] Cliente conectado: 127.0.0.1
[LAMPORT][Nodo-3] t=8420  evento=UPDATE (recepcion, remoto=8416)
[LAMPORT][Nodo-3] t=8421  evento=TICK (envio)
[RA][Nodo-3] SOLICITANDO SC (lamport=8421, esperando=2)
[LAMPORT][Nodo-3] t=8425  evento=UPDATE (recepcion, remoto=8424)
[RA][Nodo-3] RESPUESTA RA recibida de Nodo-1 (lamport=8425)
[RA][Nodo-3] ENTRANDO A SC (lamport=8425)
[LAMPORT][Nodo-3] t=8426  evento=UPDATE (recepcion, remoto=8423)
[RA][Nodo-3] RESPUESTA RA recibida de Nodo-2 (lamport=8426)
[RA][Nodo-3] SALIENDO DE SC (lamport=8426)
[LAMPORT][Nodo-3] t=8427  evento=TICK (envio)
[-] Cliente desconectado: 127.0.0.1
[+] Cliente conectado: 127.0.0.1
[LAMPORT][Nodo-3] t=8430  evento=UPDATE (recepcion, remoto=8429)
No se encontró un juego que contenga: 1172470
[LAMPORT][Nodo-3] t=8431  evento=TICK (envio)
[-] Cliente desconectado: 127.0.0.1
[+] Cliente conectado: 127.0.0.1
[LAMPORT][Nodo-3] t=8434  evento=UPDATE (recepcion, remoto=8433)
Error al conectar a la API para ES. Código: 403
Error al conectar a la API para ES. Código: 403
Error procesando precio para ES: argument "content" is null
Error procesando precio para ES: argument "content" is null
Error al conectar a la API para US. Código: 403
Error procesando precio para US: argument "content" is null
[LAMPORT][Nodo-3] t=8435  evento=TICK (envio)
[-] Cliente desconectado: 127.0.0.1
[LAMPORT][Nodo-3] t=8440  evento=UPDATE (recepcion, remoto=8439)
[RA][Nodo-3] SOLICITUD RA recibida de Nodo-1 (ts=8439)
[LAMPORT][Nodo-3] t=8441  evento=TICK (envio)
[LAMPORT][Nodo-3] t=8442  evento=TICK (envio)
[+] Cliente conectado: 127.0.0.1
[LAMPORT][Nodo-3] t=8443  evento=UPDATE (recepcion, remoto=8438)
[LAMPORT][Nodo-3] t=8444  evento=TICK (envio)
[RA][Nodo-3] SOLICITANDO SC (lamport=8444, esperando=2)
[LAMPORT][Nodo-3] t=8448  evento=UPDATE (recepcion, remoto=8447)
[RA][Nodo-3] RESPUESTA RA recibida de Nodo-1 (lamport=8448)
[RA][Nodo-3] ENTRANDO A SC (lamport=8448)
[LAMPORT][Nodo-3] t=8449  evento=UPDATE (recepcion, remoto=8446)
[RA][Nodo-3] RESPUESTA RA recibida de Nodo-2 (lamport=8449)
[RA][Nodo-3] SALIENDO DE SC (lamport=8449)
[LAMPORT][Nodo-3] t=8450  evento=TICK (envio)
[-] Cliente desconectado: 127.0.0.1
[+] Cliente conectado: 127.0.0.1
[LAMPORT][Nodo-3] t=8453  evento=UPDATE (recepcion, remoto=8452)
[LAMPORT][Nodo-3] t=8454  evento=TICK (envio)
[-] Cliente desconectado: 127.0.0.1
[LAMPORT][Nodo-3] t=8459  evento=UPDATE (recepcion, remoto=8458)
[RA][Nodo-3] SOLICITUD RA recibida de Nodo-1 (ts=8458)
[LAMPORT][Nodo-3] t=8460  evento=TICK (envio)
[+] Cliente conectado: 127.0.0.1
[LAMPORT][Nodo-3] t=8461  evento=UPDATE (recepcion, remoto=8457)
Error al conectar a la API para MX. Código: 403
Error al conectar a la API para US. Código: 403
Error al conectar a la API para BR. Código: 403
Error procesando precio para MX: argument "content" is null
Error procesando precio para US: argument "content" is null
Error procesando precio para BR: argument "content" is null
[LAMPORT][Nodo-3] t=8462  evento=TICK (envio)
[-] Cliente desconectado: 127.0.0.1
[+] Cliente conectado: 127.0.0.1
[LAMPORT][Nodo-3] t=8465  evento=UPDATE (recepcion, remoto=8464)
[LAMPORT][Nodo-3] t=8466  evento=TICK (envio)
[RA][Nodo-3] SOLICITANDO SC (lamport=8466, esperando=2)
[LAMPORT][Nodo-3] t=8469  evento=UPDATE (recepcion, remoto=8468)
[RA][Nodo-3] RESPUESTA RA recibida de Nodo-1 (lamport=8469)
[RA][Nodo-3] ENTRANDO A SC (lamport=8469)
[LAMPORT][Nodo-3] t=8470  evento=UPDATE (recepcion, remoto=8468)
[RA][Nodo-3] RESPUESTA RA recibida de Nodo-2 (lamport=8470)
[RA][Nodo-3] SALIENDO DE SC (lamport=8470)
[LAMPORT][Nodo-3] t=8471  evento=TICK (envio)
[-] Cliente desconectado: 127.0.0.1
[+] Cliente conectado: 127.0.0.1
[LAMPORT][Nodo-3] t=8474  evento=UPDATE (recepcion, remoto=8473)
[LAMPORT][Nodo-3] t=8475  evento=TICK (envio)
[-] Cliente desconectado: 127.0.0.1
[+] Cliente conectado: 127.0.0.1
[LAMPORT][Nodo-3] t=8478  evento=UPDATE (recepcion, remoto=8477)
Error al conectar a la API para ES. Código: 403
Error procesando precio para ES: argument "content" is null
Error al conectar a la API para BR. Código: 403
Error al conectar a la API para MX. Código: 403
Error procesando precio para BR: argument "content" is null
Error procesando precio para MX: argument "content" is null
[LAMPORT][Nodo-3] t=8479  evento=TICK (envio)
[-] Cliente desconectado: 127.0.0.1
[LAMPORT][Nodo-3] t=8484  evento=UPDATE (recepcion, remoto=8483)
[RA][Nodo-3] SOLICITUD RA recibida de Nodo-1 (ts=8483)
[LAMPORT][Nodo-3] t=8485  evento=TICK (envio)
[+] Cliente conectado: 127.0.0.1
[LAMPORT][Nodo-3] t=8486  evento=UPDATE (recepcion, remoto=8482)
[LAMPORT][Nodo-3] t=8487  evento=TICK (envio)
[RA][Nodo-3] SOLICITANDO SC (lamport=8487, esperando=2)
[LAMPORT][Nodo-3] t=8491  evento=UPDATE (recepcion, remoto=8490)
[RA][Nodo-3] RESPUESTA RA recibida de Nodo-1 (lamport=8491)
[RA][Nodo-3] ENTRANDO A SC (lamport=8491)
[LAMPORT][Nodo-3] t=8492  evento=UPDATE (recepcion, remoto=8489)
[RA][Nodo-3] RESPUESTA RA recibida de Nodo-2 (lamport=8492)
Error en transacción de compra: Cannot add or update a child row: a foreign key constraint fails (`project_db_extended`.`bibliotecas`, CONSTRAINT `fk_bib_juego` FOREIGN KEY (`id_juego`) REFERENCES `juegos` (`id`) ON DELETE CASCADE)
[RA][Nodo-3] SALIENDO DE SC (lamport=8492)
[LAMPORT][Nodo-3] t=8493  evento=TICK (envio)
[-] Cliente desconectado: 127.0.0.1
[+] Cliente conectado: 127.0.0.1
[LAMPORT][Nodo-3] t=8496  evento=UPDATE (recepcion, remoto=8495)
No se encontró un juego que contenga: 892970
[LAMPORT][Nodo-3] t=8497  evento=TICK (envio)
[-] Cliente desconectado: 127.0.0.1
[+] Cliente conectado: 127.0.0.1
[LAMPORT][Nodo-3] t=8500  evento=UPDATE (recepcion, remoto=8499)
[LAMPORT][Nodo-3] t=8503  evento=UPDATE (recepcion, remoto=8502)
[RA][Nodo-3] SOLICITUD RA recibida de Nodo-1 (ts=8502)
[LAMPORT][Nodo-3] t=8504  evento=TICK (envio)
Error al conectar a la API para US. Código: 403
Error al conectar a la API para CL. Código: 403
Error al conectar a la API para MX. Código: 403
Error procesando precio para US: argument "content" is null
Error procesando precio para CL: argument "content" is null
Error procesando precio para MX: argument "content" is null
[LAMPORT][Nodo-3] t=8505  evento=TICK (envio)
[-] Cliente desconectado: 127.0.0.1
[+] Cliente conectado: 127.0.0.1
[LAMPORT][Nodo-3] t=8508  evento=UPDATE (recepcion, remoto=8507)
[LAMPORT][Nodo-3] t=8509  evento=TICK (envio)
[RA][Nodo-3] SOLICITANDO SC (lamport=8509, esperando=2)
[LAMPORT][Nodo-3] t=8512  evento=UPDATE (recepcion, remoto=8511)
[RA][Nodo-3] RESPUESTA RA recibida de Nodo-1 (lamport=8512)
[RA][Nodo-3] ENTRANDO A SC (lamport=8512)
[LAMPORT][Nodo-3] t=8513  evento=UPDATE (recepcion, remoto=8511)
[RA][Nodo-3] RESPUESTA RA recibida de Nodo-2 (lamport=8513)
Error en transacción de compra: Cannot add or update a child row: a foreign key constraint fails (`project_db_extended`.`bibliotecas`, CONSTRAINT `fk_bib_juego` FOREIGN KEY (`id_juego`) REFERENCES `juegos` (`id`) ON DELETE CASCADE)
[RA][Nodo-3] SALIENDO DE SC (lamport=8513)
[LAMPORT][Nodo-3] t=8514  evento=TICK (envio)
[-] Cliente desconectado: 127.0.0.1
[+] Cliente conectado: 127.0.0.1
[LAMPORT][Nodo-3] t=8517  evento=UPDATE (recepcion, remoto=8516)
[LAMPORT][Nodo-3] t=8518  evento=TICK (envio)
[-] Cliente desconectado: 127.0.0.1
[+] Cliente conectado: 127.0.0.1
[LAMPORT][Nodo-3] t=8521  evento=UPDATE (recepcion, remoto=8520)
[LAMPORT][Nodo-3] t=8524  evento=UPDATE (recepcion, remoto=8523)
[RA][Nodo-3] SOLICITUD RA recibida de Nodo-1 (ts=8523)
[LAMPORT][Nodo-3] t=8525  evento=TICK (envio)
Error al conectar a la API para AR. Código: 403
Error al conectar a la API para ES. Código: 403
Error al conectar a la API para AR. Código: 403
Error procesando precio para AR: argument "content" is null
Error procesando precio para ES: argument "content" is null
Error procesando precio para AR: argument "content" is null
[LAMPORT][Nodo-3] t=8526  evento=TICK (envio)
[-] Cliente desconectado: 127.0.0.1
[+] Cliente conectado: 127.0.0.1
[LAMPORT][Nodo-3] t=8529  evento=UPDATE (recepcion, remoto=8528)
[LAMPORT][Nodo-3] t=8530  evento=TICK (envio)
[RA][Nodo-3] SOLICITANDO SC (lamport=8530, esperando=2)
[LAMPORT][Nodo-3] t=8533  evento=UPDATE (recepcion, remoto=8532)
[RA][Nodo-3] RESPUESTA RA recibida de Nodo-1 (lamport=8533)
[RA][Nodo-3] ENTRANDO A SC (lamport=8533)
[LAMPORT][Nodo-3] t=8534  evento=UPDATE (recepcion, remoto=8532)
[RA][Nodo-3] RESPUESTA RA recibida de Nodo-2 (lamport=8534)
[RA][Nodo-3] SALIENDO DE SC (lamport=8534)
[LAMPORT][Nodo-3] t=8535  evento=TICK (envio)
[-] Cliente desconectado: 127.0.0.1
[+] Cliente conectado: 127.0.0.1
[LAMPORT][Nodo-3] t=8538  evento=UPDATE (recepcion, remoto=8537)
No se encontró un juego que contenga: 892970
[LAMPORT][Nodo-3] t=8539  evento=TICK (envio)
[-] Cliente desconectado: 127.0.0.1
[+] Cliente conectado: 127.0.0.1
[LAMPORT][Nodo-3] t=8542  evento=UPDATE (recepcion, remoto=8541)
Error al conectar a la API para CL. Código: 403
Error al conectar a la API para BR. Código: 403
Error al conectar a la API para BR. Código: 403
Error procesando precio para CL: argument "content" is null
Error procesando precio para BR: argument "content" is null
Error procesando precio para BR: argument "content" is null
[LAMPORT][Nodo-3] t=8543  evento=TICK (envio)
[-] Cliente desconectado: 127.0.0.1
[+] Cliente conectado: 127.0.0.1
[LAMPORT][Nodo-3] t=8546  evento=UPDATE (recepcion, remoto=8545)
[LAMPORT][Nodo-3] t=8547  evento=TICK (envio)
[RA][Nodo-3] SOLICITANDO SC (lamport=8547, esperando=2)
[LAMPORT][Nodo-3] t=8550  evento=UPDATE (recepcion, remoto=8549)
[RA][Nodo-3] RESPUESTA RA recibida de Nodo-1 (lamport=8550)
[RA][Nodo-3] ENTRANDO A SC (lamport=8550)
[LAMPORT][Nodo-3] t=8551  evento=UPDATE (recepcion, remoto=8549)
[RA][Nodo-3] RESPUESTA RA recibida de Nodo-2 (lamport=8551)
[LAMPORT][Nodo-3] t=8552  evento=UPDATE (recepcion, remoto=8551)
[RA][Nodo-3] SOLICITUD RA recibida de Nodo-1 (ts=8551)
[RA][Nodo-3] Diferiendo RESPUESTA a Nodo-1
Error en transacción de compra: Cannot add or update a child row: a foreign key constraint fails (`project_db_extended`.`bibliotecas`, CONSTRAINT `fk_bib_juego` FOREIGN KEY (`id_juego`) REFERENCES `juegos` (`id`) ON DELETE CASCADE)
[RA][Nodo-3] SALIENDO DE SC (lamport=8552)
[LAMPORT][Nodo-3] t=8553  evento=TICK (envio)
[LAMPORT][Nodo-3] t=8554  evento=TICK (envio)
[-] Cliente desconectado: 127.0.0.1
[+] Cliente conectado: 127.0.0.1
[LAMPORT][Nodo-3] t=8557  evento=UPDATE (recepcion, remoto=8556)
[LAMPORT][Nodo-3] t=8558  evento=TICK (envio)
[-] Cliente desconectado: 127.0.0.1
[+] Cliente conectado: 127.0.0.1
[LAMPORT][Nodo-3] t=8561  evento=UPDATE (recepcion, remoto=8560)
Error al conectar a la API para US. Código: 403
Error al conectar a la API para US. Código: 403
Error al conectar a la API para AR. Código: 403
Error procesando precio para US: argument "content" is null
Error procesando precio para US: argument "content" is null
Error procesando precio para AR: argument "content" is null
[LAMPORT][Nodo-3] t=8562  evento=TICK (envio)
[-] Cliente desconectado: 127.0.0.1
[+] Cliente conectado: 127.0.0.1
[LAMPORT][Nodo-3] t=8565  evento=UPDATE (recepcion, remoto=8564)
[LAMPORT][Nodo-3] t=8566  evento=TICK (envio)
[RA][Nodo-3] SOLICITANDO SC (lamport=8566, esperando=2)
[LAMPORT][Nodo-3] t=8569  evento=UPDATE (recepcion, remoto=8568)
[RA][Nodo-3] RESPUESTA RA recibida de Nodo-1 (lamport=8569)
[RA][Nodo-3] ENTRANDO A SC (lamport=8569)
[LAMPORT][Nodo-3] t=8570  evento=UPDATE (recepcion, remoto=8568)
[RA][Nodo-3] RESPUESTA RA recibida de Nodo-2 (lamport=8570)
[RA][Nodo-3] SALIENDO DE SC (lamport=8570)
[LAMPORT][Nodo-3] t=8571  evento=TICK (envio)
[-] Cliente desconectado: 127.0.0.1
[LAMPORT][Nodo-3] t=8576  evento=UPDATE (recepcion, remoto=8575)
[RA][Nodo-3] SOLICITUD RA recibida de Nodo-1 (ts=8575)
[LAMPORT][Nodo-3] t=8577  evento=TICK (envio)
[+] Cliente conectado: 127.0.0.1
[LAMPORT][Nodo-3] t=8578  evento=UPDATE (recepcion, remoto=8574)
No se encontró un juego que contenga: 892970
[LAMPORT][Nodo-3] t=8579  evento=TICK (envio)
[-] Cliente desconectado: 127.0.0.1
[+] Cliente conectado: 127.0.0.1
[LAMPORT][Nodo-3] t=8582  evento=UPDATE (recepcion, remoto=8581)
Error al conectar a la API para AR. Código: 403
Error al conectar a la API para BR. Código: 403
Error al conectar a la API para ES. Código: 403
Error procesando precio para AR: argument "content" is null
Error procesando precio para BR: argument "content" is null
Error procesando precio para ES: argument "content" is null
[LAMPORT][Nodo-3] t=8583  evento=TICK (envio)
[-] Cliente desconectado: 127.0.0.1
[+] Cliente conectado: 127.0.0.1
[LAMPORT][Nodo-3] t=8586  evento=UPDATE (recepcion, remoto=8585)
[LAMPORT][Nodo-3] t=8587  evento=TICK (envio)
[RA][Nodo-3] SOLICITANDO SC (lamport=8587, esperando=2)
[LAMPORT][Nodo-3] t=8590  evento=UPDATE (recepcion, remoto=8589)
[RA][Nodo-3] RESPUESTA RA recibida de Nodo-1 (lamport=8590)
[RA][Nodo-3] ENTRANDO A SC (lamport=8590)
[LAMPORT][Nodo-3] t=8591  evento=UPDATE (recepcion, remoto=8589)
[RA][Nodo-3] RESPUESTA RA recibida de Nodo-2 (lamport=8591)
[RA][Nodo-3] SALIENDO DE SC (lamport=8591)
[LAMPORT][Nodo-3] t=8592  evento=TICK (envio)
[-] Cliente desconectado: 127.0.0.1
[LAMPORT][Nodo-3] t=8597  evento=UPDATE (recepcion, remoto=8596)
[RA][Nodo-3] SOLICITUD RA recibida de Nodo-1 (ts=8596)
[LAMPORT][Nodo-3] t=8598  evento=TICK (envio)
[+] Cliente conectado: 127.0.0.1
[LAMPORT][Nodo-3] t=8599  evento=UPDATE (recepcion, remoto=8595)
No se encontró un juego que contenga: 1172470
[LAMPORT][Nodo-3] t=8600  evento=TICK (envio)
[-] Cliente desconectado: 127.0.0.1
[+] Cliente conectado: 127.0.0.1
[LAMPORT][Nodo-3] t=8603  evento=UPDATE (recepcion, remoto=8602)
Error al conectar a la API para AR. Código: 403
Error al conectar a la API para AR. Código: 403
Error procesando precio para AR: argument "content" is null
Error procesando precio para AR: argument "content" is null
Error al conectar a la API para BR. Código: 403
Error procesando precio para BR: argument "content" is null
[LAMPORT][Nodo-3] t=8604  evento=TICK (envio)
[-] Cliente desconectado: 127.0.0.1
[+] Cliente conectado: 127.0.0.1
[LAMPORT][Nodo-3] t=8607  evento=UPDATE (recepcion, remoto=8606)
[LAMPORT][Nodo-3] t=8608  evento=TICK (envio)
[RA][Nodo-3] SOLICITANDO SC (lamport=8608, esperando=2)
[LAMPORT][Nodo-3] t=8611  evento=UPDATE (recepcion, remoto=8610)
[RA][Nodo-3] RESPUESTA RA recibida de Nodo-1 (lamport=8611)
[RA][Nodo-3] ENTRANDO A SC (lamport=8611)
[LAMPORT][Nodo-3] t=8612  evento=UPDATE (recepcion, remoto=8610)
[RA][Nodo-3] RESPUESTA RA recibida de Nodo-2 (lamport=8612)
[LAMPORT][Nodo-3] t=8613  evento=UPDATE (recepcion, remoto=8612)
[RA][Nodo-3] SOLICITUD RA recibida de Nodo-1 (ts=8612)
[RA][Nodo-3] Diferiendo RESPUESTA a Nodo-1
[RA][Nodo-3] SALIENDO DE SC (lamport=8613)
[LAMPORT][Nodo-3] t=8614  evento=TICK (envio)
[LAMPORT][Nodo-3] t=8615  evento=TICK (envio)
[-] Cliente desconectado: 127.0.0.1
[+] Cliente conectado: 127.0.0.1
[LAMPORT][Nodo-3] t=8618  evento=UPDATE (recepcion, remoto=8617)
No se encontró un juego que contenga: 1172470
[LAMPORT][Nodo-3] t=8619  evento=TICK (envio)
[-] Cliente desconectado: 127.0.0.1
[+] Cliente conectado: 127.0.0.1
[LAMPORT][Nodo-3] t=8622  evento=UPDATE (recepcion, remoto=8621)
Error al conectar a la API para CL. Código: 403
Error al conectar a la API para BR. Código: 403
Error al conectar a la API para MX. Código: 403
Error procesando precio para CL: argument "content" is null
Error procesando precio para BR: argument "content" is null
Error procesando precio para MX: argument "content" is null
[LAMPORT][Nodo-3] t=8623  evento=TICK (envio)
[-] Cliente desconectado: 127.0.0.1
[+] Cliente conectado: 127.0.0.1
[LAMPORT][Nodo-3] t=8627  evento=UPDATE (recepcion, remoto=8626)
[LAMPORT][Nodo-3] t=8628  evento=TICK (envio)
[RA][Nodo-3] SOLICITANDO SC (lamport=8628, esperando=2)
[LAMPORT][Nodo-3] t=8629  evento=UPDATE (recepcion, remoto=8627)
[RA][Nodo-3] SOLICITUD RA recibida de Nodo-1 (ts=8627)
[LAMPORT][Nodo-3] t=8630  evento=TICK (envio)
[LAMPORT][Nodo-3] t=8632  evento=UPDATE (recepcion, remoto=8631)
[RA][Nodo-3] RESPUESTA RA recibida de Nodo-2 (lamport=8632)
[RA][Nodo-3] ENTRANDO A SC (lamport=8632)
[LAMPORT][Nodo-3] t=8634  evento=UPDATE (recepcion, remoto=8633)
[RA][Nodo-3] RESPUESTA RA recibida de Nodo-1 (lamport=8634)
Error en transacción de compra: Cannot add or update a child row: a foreign key constraint fails (`project_db_extended`.`bibliotecas`, CONSTRAINT `fk_bib_juego` FOREIGN KEY (`id_juego`) REFERENCES `juegos` (`id`) ON DELETE CASCADE)
[RA][Nodo-3] SALIENDO DE SC (lamport=8634)
[LAMPORT][Nodo-3] t=8635  evento=TICK (envio)
[-] Cliente desconectado: 127.0.0.1
[+] Cliente conectado: 127.0.0.1
[LAMPORT][Nodo-3] t=8638  evento=UPDATE (recepcion, remoto=8637)
[LAMPORT][Nodo-3] t=8639  evento=TICK (envio)
[-] Cliente desconectado: 127.0.0.1
[+] Cliente conectado: 127.0.0.1
[LAMPORT][Nodo-3] t=8642  evento=UPDATE (recepcion, remoto=8641)
Error al conectar a la API para MX. Código: 403
Error procesando precio para MX: argument "content" is null
Error al conectar a la API para US. Código: 403
Error procesando precio para US: argument "content" is null
Error al conectar a la API para BR. Código: 403
Error procesando precio para BR: argument "content" is null
[LAMPORT][Nodo-3] t=8643  evento=TICK (envio)
[-] Cliente desconectado: 127.0.0.1
[LAMPORT][Nodo-3] t=8648  evento=UPDATE (recepcion, remoto=8647)
[RA][Nodo-3] SOLICITUD RA recibida de Nodo-1 (ts=8647)
[LAMPORT][Nodo-3] t=8649  evento=TICK (envio)
[+] Cliente conectado: 127.0.0.1
[LAMPORT][Nodo-3] t=8650  evento=UPDATE (recepcion, remoto=8646)
[LAMPORT][Nodo-3] t=8651  evento=TICK (envio)
[RA][Nodo-3] SOLICITANDO SC (lamport=8651, esperando=2)
[LAMPORT][Nodo-3] t=8654  evento=UPDATE (recepcion, remoto=8653)
[RA][Nodo-3] RESPUESTA RA recibida de Nodo-2 (lamport=8654)
[RA][Nodo-3] ENTRANDO A SC (lamport=8654)
[RA][Nodo-3] SALIENDO DE SC (lamport=8654)
[LAMPORT][Nodo-3] t=8655  evento=TICK (envio)
[-] Cliente desconectado: 127.0.0.1
[LAMPORT][Nodo-3] t=8656  evento=UPDATE (recepcion, remoto=8653)
[RA][Nodo-3] RESPUESTA RA recibida de Nodo-1 (lamport=8656)
[+] Cliente conectado: 127.0.0.1
[LAMPORT][Nodo-3] t=8658  evento=UPDATE (recepcion, remoto=8657)
No se encontró un juego que contenga: 1172470
[LAMPORT][Nodo-3] t=8659  evento=TICK (envio)
[-] Cliente desconectado: 127.0.0.1
[+] Cliente conectado: 127.0.0.1
[LAMPORT][Nodo-3] t=8662  evento=UPDATE (recepcion, remoto=8661)
Error al conectar a la API para ES. Código: 403
Error al conectar a la API para CL. Código: 403
Error al conectar a la API para AR. Código: 403
Error procesando precio para CL: argument "content" is null
Error procesando precio para ES: argument "content" is null
Error procesando precio para AR: argument "content" is null
[LAMPORT][Nodo-3] t=8663  evento=TICK (envio)
[-] Cliente desconectado: 127.0.0.1
[+] Cliente conectado: 127.0.0.1
[LAMPORT][Nodo-3] t=8666  evento=UPDATE (recepcion, remoto=8665)
[LAMPORT][Nodo-3] t=8667  evento=TICK (envio)
[RA][Nodo-3] SOLICITANDO SC (lamport=8667, esperando=2)
[LAMPORT][Nodo-3] t=8670  evento=UPDATE (recepcion, remoto=8669)
[RA][Nodo-3] RESPUESTA RA recibida de Nodo-1 (lamport=8670)
[RA][Nodo-3] ENTRANDO A SC (lamport=8670)
[LAMPORT][Nodo-3] t=8671  evento=UPDATE (recepcion, remoto=8669)
[RA][Nodo-3] RESPUESTA RA recibida de Nodo-2 (lamport=8671)
[RA][Nodo-3] SALIENDO DE SC (lamport=8671)
[LAMPORT][Nodo-3] t=8672  evento=TICK (envio)
[-] Cliente desconectado: 127.0.0.1
[+] Cliente conectado: 127.0.0.1
[LAMPORT][Nodo-3] t=8675  evento=UPDATE (recepcion, remoto=8674)
No se encontró un juego que contenga: 1172470
[LAMPORT][Nodo-3] t=8676  evento=TICK (envio)
[-] Cliente desconectado: 127.0.0.1
[LAMPORT][Nodo-3] t=8681  evento=UPDATE (recepcion, remoto=8680)
[RA][Nodo-3] SOLICITUD RA recibida de Nodo-1 (ts=8680)
[LAMPORT][Nodo-3] t=8682  evento=TICK (envio)
[+] Cliente conectado: 127.0.0.1
[LAMPORT][Nodo-3] t=8683  evento=UPDATE (recepcion, remoto=8679)
[LAMPORT][Nodo-3] t=8687  evento=UPDATE (recepcion, remoto=8686)
[LAMPORT][Nodo-3] t=8689  evento=UPDATE (recepcion, remoto=8688)
Error al conectar a la API para MX. Código: 403
Error procesando precio para MX: argument "content" is null
Error al conectar a la API para BR. Código: 403
Error procesando precio para BR: argument "content" is null
Error al conectar a la API para MX. Código: 403
Error procesando precio para MX: argument "content" is null
[LAMPORT][Nodo-3] t=8690  evento=TICK (envio)
[-] Cliente desconectado: 127.0.0.1
[LAMPORT][Nodo-3] t=8695  evento=UPDATE (recepcion, remoto=8694)
[RA][Nodo-3] SOLICITUD RA recibida de Nodo-1 (ts=8694)
[LAMPORT][Nodo-3] t=8696  evento=TICK (envio)
[+] Cliente conectado: 127.0.0.1
[LAMPORT][Nodo-3] t=8697  evento=UPDATE (recepcion, remoto=8693)
[LAMPORT][Nodo-3] t=8698  evento=TICK (envio)
[RA][Nodo-3] SOLICITANDO SC (lamport=8698, esperando=2)
[LAMPORT][Nodo-3] t=8702  evento=UPDATE (recepcion, remoto=8701)
[RA][Nodo-3] RESPUESTA RA recibida de Nodo-1 (lamport=8702)
[RA][Nodo-3] ENTRANDO A SC (lamport=8702)
[LAMPORT][Nodo-3] t=8703  evento=UPDATE (recepcion, remoto=8700)
[RA][Nodo-3] RESPUESTA RA recibida de Nodo-2 (lamport=8703)
[RA][Nodo-3] SALIENDO DE SC (lamport=8703)
[LAMPORT][Nodo-3] t=8704  evento=TICK (envio)
[-] Cliente desconectado: 127.0.0.1
[+] Cliente conectado: 127.0.0.1
[LAMPORT][Nodo-3] t=8707  evento=UPDATE (recepcion, remoto=8706)
[LAMPORT][Nodo-3] t=8708  evento=TICK (envio)
[-] Cliente desconectado: 127.0.0.1
[+] Cliente conectado: 127.0.0.1
[LAMPORT][Nodo-3] t=8711  evento=UPDATE (recepcion, remoto=8710)
Error al conectar a la API para ES. Código: 403
Error al conectar a la API para CL. Código: 403
Error al conectar a la API para MX. Código: 403
Error procesando precio para CL: argument "content" is null
Error procesando precio para MX: argument "content" is null
Error procesando precio para ES: argument "content" is null
[LAMPORT][Nodo-3] t=8712  evento=TICK (envio)
[-] Cliente desconectado: 127.0.0.1
[LAMPORT][Nodo-3] t=8717  evento=UPDATE (recepcion, remoto=8716)
[RA][Nodo-3] SOLICITUD RA recibida de Nodo-1 (ts=8716)
[LAMPORT][Nodo-3] t=8718  evento=TICK (envio)
[LAMPORT][Nodo-3] t=8719  evento=TICK (envio)
[+] Cliente conectado: 127.0.0.1
[LAMPORT][Nodo-3] t=8720  evento=UPDATE (recepcion, remoto=8715)
[LAMPORT][Nodo-3] t=8721  evento=TICK (envio)
[RA][Nodo-3] SOLICITANDO SC (lamport=8721, esperando=2)
[LAMPORT][Nodo-3] t=8725  evento=UPDATE (recepcion, remoto=8724)
[RA][Nodo-3] RESPUESTA RA recibida de Nodo-1 (lamport=8725)
[RA][Nodo-3] ENTRANDO A SC (lamport=8725)
[LAMPORT][Nodo-3] t=8726  evento=UPDATE (recepcion, remoto=8723)
[RA][Nodo-3] RESPUESTA RA recibida de Nodo-2 (lamport=8726)
[RA][Nodo-3] SALIENDO DE SC (lamport=8726)
[LAMPORT][Nodo-3] t=8727  evento=TICK (envio)
[-] Cliente desconectado: 127.0.0.1
[+] Cliente conectado: 127.0.0.1
[LAMPORT][Nodo-3] t=8730  evento=UPDATE (recepcion, remoto=8729)
[LAMPORT][Nodo-3] t=8731  evento=TICK (envio)
[-] Cliente desconectado: 127.0.0.1
[+] Cliente conectado: 127.0.0.1
[LAMPORT][Nodo-3] t=8734  evento=UPDATE (recepcion, remoto=8733)
[LAMPORT][Nodo-3] t=8737  evento=UPDATE (recepcion, remoto=8736)
[RA][Nodo-3] SOLICITUD RA recibida de Nodo-1 (ts=8736)
[LAMPORT][Nodo-3] t=8738  evento=TICK (envio)
Error al conectar a la API para US. Código: 403
Error al conectar a la API para CL. Código: 403
Error procesando precio para CL: argument "content" is null
Error procesando precio para US: argument "content" is null
Error al conectar a la API para ES. Código: 403
Error procesando precio para ES: argument "content" is null
[LAMPORT][Nodo-3] t=8739  evento=TICK (envio)
[-] Cliente desconectado: 127.0.0.1
[+] Cliente conectado: 127.0.0.1
[LAMPORT][Nodo-3] t=8742  evento=UPDATE (recepcion, remoto=8741)
[LAMPORT][Nodo-3] t=8743  evento=TICK (envio)
[RA][Nodo-3] SOLICITANDO SC (lamport=8743, esperando=2)
[LAMPORT][Nodo-3] t=8746  evento=UPDATE (recepcion, remoto=8745)
[RA][Nodo-3] RESPUESTA RA recibida de Nodo-1 (lamport=8746)
[RA][Nodo-3] ENTRANDO A SC (lamport=8746)
[LAMPORT][Nodo-3] t=8747  evento=UPDATE (recepcion, remoto=8745)
[RA][Nodo-3] RESPUESTA RA recibida de Nodo-2 (lamport=8747)
Error en transacción de compra: Cannot add or update a child row: a foreign key constraint fails (`project_db_extended`.`bibliotecas`, CONSTRAINT `fk_bib_juego` FOREIGN KEY (`id_juego`) REFERENCES `juegos` (`id`) ON DELETE CASCADE)
[RA][Nodo-3] SALIENDO DE SC (lamport=8747)
[LAMPORT][Nodo-3] t=8748  evento=TICK (envio)
[-] Cliente desconectado: 127.0.0.1
[+] Cliente conectado: 127.0.0.1
[LAMPORT][Nodo-3] t=8751  evento=UPDATE (recepcion, remoto=8750)
No se encontró un juego que contenga: 1172470
[LAMPORT][Nodo-3] t=8752  evento=TICK (envio)
[-] Cliente desconectado: 127.0.0.1
[+] Cliente conectado: 127.0.0.1
[LAMPORT][Nodo-3] t=8755  evento=UPDATE (recepcion, remoto=8754)
Error al conectar a la API para CL. Código: 403
Error procesando precio para CL: argument "content" is null
Error al conectar a la API para CL. Código: 403
Error al conectar a la API para MX. Código: 403
Error procesando precio para CL: argument "content" is null
Error procesando precio para MX: argument "content" is null
[LAMPORT][Nodo-3] t=8756  evento=TICK (envio)
[-] Cliente desconectado: 127.0.0.1
[+] Cliente conectado: 127.0.0.1
[LAMPORT][Nodo-3] t=8759  evento=UPDATE (recepcion, remoto=8758)
[LAMPORT][Nodo-3] t=8760  evento=TICK (envio)
[RA][Nodo-3] SOLICITANDO SC (lamport=8760, esperando=2)
[LAMPORT][Nodo-3] t=8763  evento=UPDATE (recepcion, remoto=8762)
[RA][Nodo-3] RESPUESTA RA recibida de Nodo-1 (lamport=8763)
[RA][Nodo-3] ENTRANDO A SC (lamport=8763)
[LAMPORT][Nodo-3] t=8764  evento=UPDATE (recepcion, remoto=8762)
[RA][Nodo-3] RESPUESTA RA recibida de Nodo-2 (lamport=8764)
Error en transacción de compra: Cannot add or update a child row: a foreign key constraint fails (`project_db_extended`.`bibliotecas`, CONSTRAINT `fk_bib_juego` FOREIGN KEY (`id_juego`) REFERENCES `juegos` (`id`) ON DELETE CASCADE)
[RA][Nodo-3] SALIENDO DE SC (lamport=8764)
[LAMPORT][Nodo-3] t=8765  evento=TICK (envio)
[-] Cliente desconectado: 127.0.0.1
[+] Cliente conectado: 127.0.0.1
[LAMPORT][Nodo-3] t=8768  evento=UPDATE (recepcion, remoto=8767)
No se encontró un juego que contenga: 892970
[LAMPORT][Nodo-3] t=8769  evento=TICK (envio)
[-] Cliente desconectado: 127.0.0.1
[+] Cliente conectado: 127.0.0.1
[LAMPORT][Nodo-3] t=8772  evento=UPDATE (recepcion, remoto=8771)
[LAMPORT][Nodo-3] t=8775  evento=UPDATE (recepcion, remoto=8774)
[RA][Nodo-3] SOLICITUD RA recibida de Nodo-2 (ts=8774)
[LAMPORT][Nodo-3] t=8776  evento=TICK (envio)
Error al conectar a la API para MX. Código: 403
Error al conectar a la API para MX. Código: 403
Error procesando precio para MX: argument "content" is null
Error procesando precio para MX: argument "content" is null
Error al conectar a la API para ES. Código: 403
Error procesando precio para ES: argument "content" is null
[LAMPORT][Nodo-3] t=8777  evento=TICK (envio)
[-] Cliente desconectado: 127.0.0.1
[LAMPORT][Nodo-3] t=8792  evento=UPDATE (recepcion, remoto=8791)
[RA][Nodo-3] SOLICITUD RA recibida de Nodo-1 (ts=8791)
[LAMPORT][Nodo-3] t=8793  evento=TICK (envio)
[LAMPORT][Nodo-3] t=8796  evento=UPDATE (recepcion, remoto=8795)
[RA][Nodo-3] SOLICITUD RA recibida de Nodo-2 (ts=8795)
[LAMPORT][Nodo-3] t=8797  evento=TICK (envio)
[LAMPORT][Nodo-3] t=8806  evento=UPDATE (recepcion, remoto=8805)
[RA][Nodo-3] SOLICITUD RA recibida de Nodo-2 (ts=8805)
[LAMPORT][Nodo-3] t=8807  evento=TICK (envio)
[LAMPORT][Nodo-3] t=8824  evento=UPDATE (recepcion, remoto=8823)
[RA][Nodo-3] SOLICITUD RA recibida de Nodo-1 (ts=8823)
[LAMPORT][Nodo-3] t=8825  evento=TICK (envio)
[LAMPORT][Nodo-3] t=8832  evento=UPDATE (recepcion, remoto=8831)
[RA][Nodo-3] SOLICITUD RA recibida de Nodo-1 (ts=8831)
[LAMPORT][Nodo-3] t=8833  evento=TICK (envio)
[LAMPORT][Nodo-3] t=8836  evento=UPDATE (recepcion, remoto=8835)
[RA][Nodo-3] SOLICITUD RA recibida de Nodo-2 (ts=8835)
[LAMPORT][Nodo-3] t=8837  evento=TICK (envio)
[LAMPORT][Nodo-3] t=8846  evento=UPDATE (recepcion, remoto=8845)
[RA][Nodo-3] SOLICITUD RA recibida de Nodo-2 (ts=8845)
[LAMPORT][Nodo-3] t=8847  evento=TICK (envio)
[LAMPORT][Nodo-3] t=8866  evento=UPDATE (recepcion, remoto=8865)
[RA][Nodo-3] SOLICITUD RA recibida de Nodo-2 (ts=8865)
[LAMPORT][Nodo-3] t=8867  evento=TICK (envio)
[LAMPORT][Nodo-3] t=8870  evento=UPDATE (recepcion, remoto=8869)
[RA][Nodo-3] SOLICITUD RA recibida de Nodo-1 (ts=8869)
[LAMPORT][Nodo-3] t=8871  evento=TICK (envio)
[LAMPORT][Nodo-3] t=8877  evento=UPDATE (recepcion, remoto=8876)
[RA][Nodo-3] SOLICITUD RA recibida de Nodo-1 (ts=8876)
[LAMPORT][Nodo-3] t=8878  evento=TICK (envio)
[LAMPORT][Nodo-3] t=8886  evento=UPDATE (recepcion, remoto=8885)
[RA][Nodo-3] SOLICITUD RA recibida de Nodo-2 (ts=8885)
[LAMPORT][Nodo-3] t=8887  evento=TICK (envio)
[LAMPORT][Nodo-3] t=8900  evento=UPDATE (recepcion, remoto=8899)
[RA][Nodo-3] SOLICITUD RA recibida de Nodo-1 (ts=8899)
[LAMPORT][Nodo-3] t=8901  evento=TICK (envio)
[LAMPORT][Nodo-3] t=8907  evento=UPDATE (recepcion, remoto=8906)
[RA][Nodo-3] SOLICITUD RA recibida de Nodo-2 (ts=8906)
[LAMPORT][Nodo-3] t=8908  evento=TICK (envio)
[LAMPORT][Nodo-3] t=8916  evento=UPDATE (recepcion, remoto=8915)
[RA][Nodo-3] SOLICITUD RA recibida de Nodo-1 (ts=8915)
[LAMPORT][Nodo-3] t=8917  evento=TICK (envio)
[LAMPORT][Nodo-3] t=8930  evento=UPDATE (recepcion, remoto=8929)
[RA][Nodo-3] SOLICITUD RA recibida de Nodo-2 (ts=8929)
[LAMPORT][Nodo-3] t=8931  evento=TICK (envio)
[LAMPORT][Nodo-3] t=8939  evento=UPDATE (recepcion, remoto=8938)
[RA][Nodo-3] SOLICITUD RA recibida de Nodo-1 (ts=8938)
[LAMPORT][Nodo-3] t=8940  evento=TICK (envio)
[LAMPORT][Nodo-3] t=8941  evento=UPDATE (recepcion, remoto=8939)
[RA][Nodo-3] SOLICITUD RA recibida de Nodo-2 (ts=8939)
[LAMPORT][Nodo-3] t=8942  evento=TICK (envio)
[LAMPORT][Nodo-3] t=8955  evento=UPDATE (recepcion, remoto=8954)
[RA][Nodo-3] SOLICITUD RA recibida de Nodo-1 (ts=8954)
[LAMPORT][Nodo-3] t=8956  evento=TICK (envio)
[LAMPORT][Nodo-3] t=8969  evento=UPDATE (recepcion, remoto=8968)
[RA][Nodo-3] SOLICITUD RA recibida de Nodo-2 (ts=8968)
[LAMPORT][Nodo-3] t=8970  evento=TICK (envio)
[LAMPORT][Nodo-3] t=8975  evento=UPDATE (recepcion, remoto=8974)
[RA][Nodo-3] SOLICITUD RA recibida de Nodo-2 (ts=8974)
[LAMPORT][Nodo-3] t=8976  evento=TICK (envio)
[LAMPORT][Nodo-3] t=8985  evento=UPDATE (recepcion, remoto=8984)
[RA][Nodo-3] SOLICITUD RA recibida de Nodo-1 (ts=8984)
[LAMPORT][Nodo-3] t=8986  evento=TICK (envio)
[LAMPORT][Nodo-3] t=8995  evento=UPDATE (recepcion, remoto=8994)
[RA][Nodo-3] SOLICITUD RA recibida de Nodo-1 (ts=8994)
[LAMPORT][Nodo-3] t=8996  evento=TICK (envio)
[LAMPORT][Nodo-3] t=9004  evento=UPDATE (recepcion, remoto=9003)
[RA][Nodo-3] SOLICITUD RA recibida de Nodo-2 (ts=9003)
[LAMPORT][Nodo-3] t=9005  evento=TICK (envio)
[LAMPORT][Nodo-3] t=9013  evento=UPDATE (recepcion, remoto=9012)
[RA][Nodo-3] SOLICITUD RA recibida de Nodo-2 (ts=9012)
[LAMPORT][Nodo-3] t=9014  evento=TICK (envio)
[LAMPORT][Nodo-3] t=9027  evento=UPDATE (recepcion, remoto=9026)
[RA][Nodo-3] SOLICITUD RA recibida de Nodo-1 (ts=9026)
[LAMPORT][Nodo-3] t=9028  evento=TICK (envio)
[LAMPORT][Nodo-3] t=9035  evento=UPDATE (recepcion, remoto=9034)
[RA][Nodo-3] SOLICITUD RA recibida de Nodo-1 (ts=9034)
[LAMPORT][Nodo-3] t=9036  evento=TICK (envio)
[LAMPORT][Nodo-3] t=9043  evento=UPDATE (recepcion, remoto=9042)
[RA][Nodo-3] SOLICITUD RA recibida de Nodo-2 (ts=9042)
[LAMPORT][Nodo-3] t=9044  evento=TICK (envio)
[LAMPORT][Nodo-3] t=9059  evento=UPDATE (recepcion, remoto=9058)
[RA][Nodo-3] SOLICITUD RA recibida de Nodo-2 (ts=9058)
[LAMPORT][Nodo-3] t=9060  evento=TICK (envio)
[LAMPORT][Nodo-3] t=9073  evento=UPDATE (recepcion, remoto=9072)
[RA][Nodo-3] SOLICITUD RA recibida de Nodo-1 (ts=9072)
[LAMPORT][Nodo-3] t=9074  evento=TICK (envio)
[LAMPORT][Nodo-3] t=9080  evento=UPDATE (recepcion, remoto=9079)
[RA][Nodo-3] SOLICITUD RA recibida de Nodo-1 (ts=9079)
[LAMPORT][Nodo-3] t=9081  evento=TICK (envio)
[LAMPORT][Nodo-3] t=9088  evento=UPDATE (recepcion, remoto=9087)
[RA][Nodo-3] SOLICITUD RA recibida de Nodo-2 (ts=9087)
[LAMPORT][Nodo-3] t=9089  evento=TICK (envio)
[LAMPORT][Nodo-3] t=9097  evento=UPDATE (recepcion, remoto=9096)
[RA][Nodo-3] SOLICITUD RA recibida de Nodo-2 (ts=9096)
[LAMPORT][Nodo-3] t=9098  evento=TICK (envio)
[LAMPORT][Nodo-3] t=9106  evento=UPDATE (recepcion, remoto=9105)
[RA][Nodo-3] SOLICITUD RA recibida de Nodo-1 (ts=9105)
[LAMPORT][Nodo-3] t=9107  evento=TICK (envio)
[LAMPORT][Nodo-3] t=9120  evento=UPDATE (recepcion, remoto=9119)
[RA][Nodo-3] SOLICITUD RA recibida de Nodo-1 (ts=9119)
[LAMPORT][Nodo-3] t=9121  evento=TICK (envio)
[LAMPORT][Nodo-3] t=9128  evento=UPDATE (recepcion, remoto=9127)
[RA][Nodo-3] SOLICITUD RA recibida de Nodo-2 (ts=9127)
[LAMPORT][Nodo-3] t=9129  evento=TICK (envio)
[LAMPORT][Nodo-3] t=9137  evento=UPDATE (recepcion, remoto=9136)
[RA][Nodo-3] SOLICITUD RA recibida de Nodo-2 (ts=9136)
[LAMPORT][Nodo-3] t=9138  evento=TICK (envio)
[LAMPORT][Nodo-3] t=9146  evento=UPDATE (recepcion, remoto=9145)
[RA][Nodo-3] SOLICITUD RA recibida de Nodo-1 (ts=9145)
[LAMPORT][Nodo-3] t=9147  evento=TICK (envio)
[LAMPORT][Nodo-3] t=9160  evento=UPDATE (recepcion, remoto=9159)
[RA][Nodo-3] SOLICITUD RA recibida de Nodo-1 (ts=9159)
[LAMPORT][Nodo-3] t=9161  evento=TICK (envio)
[LAMPORT][Nodo-3] t=9167  evento=UPDATE (recepcion, remoto=9166)
[RA][Nodo-3] SOLICITUD RA recibida de Nodo-1 (ts=9166)
[LAMPORT][Nodo-3] t=9168  evento=TICK (envio)
[LAMPORT][Nodo-3] t=9175  evento=UPDATE (recepcion, remoto=9174)
[RA][Nodo-3] SOLICITUD RA recibida de Nodo-2 (ts=9174)
[LAMPORT][Nodo-3] t=9176  evento=TICK (envio)
[LAMPORT][Nodo-3] t=9182  evento=UPDATE (recepcion, remoto=9181)
[RA][Nodo-3] SOLICITUD RA recibida de Nodo-2 (ts=9181)
[LAMPORT][Nodo-3] t=9183  evento=TICK (envio)
[LAMPORT][Nodo-3] t=9185  evento=UPDATE (recepcion, remoto=9184)
[LAMPORT][Nodo-3] t=9196  evento=UPDATE (recepcion, remoto=9195)
[LAMPORT][Nodo-3] t=9201  evento=UPDATE (recepcion, remoto=9200)
[RA][Nodo-3] SOLICITUD RA recibida de Nodo-1 (ts=9200)
[LAMPORT][Nodo-3] t=9202  evento=TICK (envio)
[LAMPORT][Nodo-3] t=9208  evento=UPDATE (recepcion, remoto=9207)
[RA][Nodo-3] SOLICITUD RA recibida de Nodo-1 (ts=9207)
[LAMPORT][Nodo-3] t=9209  evento=TICK (envio)
[LAMPORT][Nodo-3] t=9216  evento=UPDATE (recepcion, remoto=9215)
[RA][Nodo-3] SOLICITUD RA recibida de Nodo-2 (ts=9215)
[LAMPORT][Nodo-3] t=9217  evento=TICK (envio)
[LAMPORT][Nodo-3] t=9229  evento=UPDATE (recepcion, remoto=9228)
[RA][Nodo-3] SOLICITUD RA recibida de Nodo-2 (ts=9228)
[LAMPORT][Nodo-3] t=9230  evento=TICK (envio)
[LAMPORT][Nodo-3] t=9240  evento=UPDATE (recepcion, remoto=9239)
[RA][Nodo-3] SOLICITUD RA recibida de Nodo-1 (ts=9239)
[LAMPORT][Nodo-3] t=9241  evento=TICK (envio)
[LAMPORT][Nodo-3] t=9249  evento=UPDATE (recepcion, remoto=9248)
[RA][Nodo-3] SOLICITUD RA recibida de Nodo-1 (ts=9248)
[LAMPORT][Nodo-3] t=9250  evento=TICK (envio)
[LAMPORT][Nodo-3] t=9253  evento=UPDATE (recepcion, remoto=9252)
[RA][Nodo-3] SOLICITUD RA recibida de Nodo-2 (ts=9252)
[LAMPORT][Nodo-3] t=9254  evento=TICK (envio)
[LAMPORT][Nodo-3] t=9255  evento=TICK (envio)
[LAMPORT][Nodo-3] t=9268  evento=UPDATE (recepcion, remoto=9267)
[RA][Nodo-3] SOLICITUD RA recibida de Nodo-2 (ts=9267)
[LAMPORT][Nodo-3] t=9269  evento=TICK (envio)
[LAMPORT][Nodo-3] t=9285  evento=UPDATE (recepcion, remoto=9284)
[RA][Nodo-3] SOLICITUD RA recibida de Nodo-1 (ts=9284)
[LAMPORT][Nodo-3] t=9286  evento=UPDATE (recepcion, remoto=9284)
[RA][Nodo-3] SOLICITUD RA recibida de Nodo-1 (ts=9284)
[LAMPORT][Nodo-3] t=9287  evento=TICK (envio)
[LAMPORT][Nodo-3] t=9288  evento=TICK (envio)
[LAMPORT][Nodo-3] t=9294  evento=UPDATE (recepcion, remoto=9293)
[RA][Nodo-3] SOLICITUD RA recibida de Nodo-2 (ts=9293)
[LAMPORT][Nodo-3] t=9295  evento=TICK (envio)
[LAMPORT][Nodo-3] t=9303  evento=UPDATE (recepcion, remoto=9302)
[RA][Nodo-3] SOLICITUD RA recibida de Nodo-2 (ts=9302)
[LAMPORT][Nodo-3] t=9304  evento=TICK (envio)
[LAMPORT][Nodo-3] t=9326  evento=UPDATE (recepcion, remoto=9325)
[RA][Nodo-3] SOLICITUD RA recibida de Nodo-1 (ts=9325)
[LAMPORT][Nodo-3] t=9327  evento=TICK (envio)
[LAMPORT][Nodo-3] t=9330  evento=UPDATE (recepcion, remoto=9329)
[RA][Nodo-3] SOLICITUD RA recibida de Nodo-2 (ts=9329)
[LAMPORT][Nodo-3] t=9331  evento=TICK (envio)
[LAMPORT][Nodo-3] t=9340  evento=UPDATE (recepcion, remoto=9339)
[RA][Nodo-3] SOLICITUD RA recibida de Nodo-2 (ts=9339)
[LAMPORT][Nodo-3] t=9341  evento=TICK (envio)
[LAMPORT][Nodo-3] t=9362  evento=UPDATE (recepcion, remoto=9361)
[RA][Nodo-3] SOLICITUD RA recibida de Nodo-1 (ts=9361)
[LAMPORT][Nodo-3] t=9363  evento=TICK (envio)
[LAMPORT][Nodo-3] t=9366  evento=UPDATE (recepcion, remoto=9365)
[RA][Nodo-3] SOLICITUD RA recibida de Nodo-2 (ts=9365)
[LAMPORT][Nodo-3] t=9367  evento=TICK (envio)
[LAMPORT][Nodo-3] t=9377  evento=UPDATE (recepcion, remoto=9376)
[RA][Nodo-3] SOLICITUD RA recibida de Nodo-2 (ts=9376)
[LAMPORT][Nodo-3] t=9378  evento=TICK (envio)
[LAMPORT][Nodo-3] t=9396  evento=UPDATE (recepcion, remoto=9395)
[RA][Nodo-3] SOLICITUD RA recibida de Nodo-1 (ts=9395)
[LAMPORT][Nodo-3] t=9397  evento=TICK (envio)
[LAMPORT][Nodo-3] t=9403  evento=UPDATE (recepcion, remoto=9402)
[RA][Nodo-3] SOLICITUD RA recibida de Nodo-2 (ts=9402)
[LAMPORT][Nodo-3] t=9404  evento=TICK (envio)
[LAMPORT][Nodo-3] t=9416  evento=UPDATE (recepcion, remoto=9415)
[RA][Nodo-3] SOLICITUD RA recibida de Nodo-2 (ts=9415)
[LAMPORT][Nodo-3] t=9417  evento=TICK (envio)
[LAMPORT][Nodo-3] t=9434  evento=UPDATE (recepcion, remoto=9433)
[RA][Nodo-3] SOLICITUD RA recibida de Nodo-1 (ts=9433)
[LAMPORT][Nodo-3] t=9435  evento=TICK (envio)
[LAMPORT][Nodo-3] t=9441  evento=UPDATE (recepcion, remoto=9440)
[RA][Nodo-3] SOLICITUD RA recibida de Nodo-2 (ts=9440)
[LAMPORT][Nodo-3] t=9442  evento=TICK (envio)
[LAMPORT][Nodo-3] t=9450  evento=UPDATE (recepcion, remoto=9449)
[RA][Nodo-3] SOLICITUD RA recibida de Nodo-2 (ts=9449)
[LAMPORT][Nodo-3] t=9451  evento=TICK (envio)
[LAMPORT][Nodo-3] t=9472  evento=UPDATE (recepcion, remoto=9471)
[RA][Nodo-3] SOLICITUD RA recibida de Nodo-2 (ts=9471)
[LAMPORT][Nodo-3] t=9473  evento=TICK (envio)
[LAMPORT][Nodo-3] t=9481  evento=UPDATE (recepcion, remoto=9480)
[RA][Nodo-3] SOLICITUD RA recibida de Nodo-2 (ts=9480)
[LAMPORT][Nodo-3] t=9482  evento=TICK (envio)
[LAMPORT][Nodo-3] t=9492  evento=UPDATE (recepcion, remoto=9491)
[RA][Nodo-3] SOLICITUD RA recibida de Nodo-1 (ts=9491)
[LAMPORT][Nodo-3] t=9493  evento=TICK (envio)
[LAMPORT][Nodo-3] t=9506  evento=UPDATE (recepcion, remoto=9505)
[RA][Nodo-3] SOLICITUD RA recibida de Nodo-2 (ts=9505)
[LAMPORT][Nodo-3] t=9507  evento=TICK (envio)
[LAMPORT][Nodo-3] t=9515  evento=UPDATE (recepcion, remoto=9514)
[RA][Nodo-3] SOLICITUD RA recibida de Nodo-2 (ts=9514)
[LAMPORT][Nodo-3] t=9516  evento=TICK (envio)
[LAMPORT][Nodo-3] t=9524  evento=UPDATE (recepcion, remoto=9523)
[RA][Nodo-3] SOLICITUD RA recibida de Nodo-1 (ts=9523)
[LAMPORT][Nodo-3] t=9525  evento=TICK (envio)
[LAMPORT][Nodo-3] t=9540  evento=UPDATE (recepcion, remoto=9539)
[RA][Nodo-3] SOLICITUD RA recibida de Nodo-2 (ts=9539)
[LAMPORT][Nodo-3] t=9541  evento=TICK (envio)
[LAMPORT][Nodo-3] t=9549  evento=UPDATE (recepcion, remoto=9548)
[RA][Nodo-3] SOLICITUD RA recibida de Nodo-2 (ts=9548)
[LAMPORT][Nodo-3] t=9550  evento=TICK (envio)
[LAMPORT][Nodo-3] t=9558  evento=UPDATE (recepcion, remoto=9557)
[RA][Nodo-3] SOLICITUD RA recibida de Nodo-1 (ts=9557)
[LAMPORT][Nodo-3] t=9559  evento=TICK (envio)
[LAMPORT][Nodo-3] t=9576  evento=UPDATE (recepcion, remoto=9575)
[RA][Nodo-3] SOLICITUD RA recibida de Nodo-2 (ts=9575)
[LAMPORT][Nodo-3] t=9577  evento=TICK (envio)
[LAMPORT][Nodo-3] t=9589  evento=UPDATE (recepcion, remoto=9588)
[RA][Nodo-3] SOLICITUD RA recibida de Nodo-1 (ts=9588)
[LAMPORT][Nodo-3] t=9590  evento=TICK (envio)
[LAMPORT][Nodo-3] t=9593  evento=UPDATE (recepcion, remoto=9592)
[RA][Nodo-3] SOLICITUD RA recibida de Nodo-2 (ts=9592)
[LAMPORT][Nodo-3] t=9594  evento=TICK (envio)
[LAMPORT][Nodo-3] t=9609  evento=UPDATE (recepcion, remoto=9608)
[RA][Nodo-3] SOLICITUD RA recibida de Nodo-2 (ts=9608)
[LAMPORT][Nodo-3] t=9610  evento=TICK (envio)
[LAMPORT][Nodo-3] t=9623  evento=UPDATE (recepcion, remoto=9622)
[RA][Nodo-3] SOLICITUD RA recibida de Nodo-2 (ts=9622)
[LAMPORT][Nodo-3] t=9624  evento=TICK (envio)
[LAMPORT][Nodo-3] t=9634  evento=UPDATE (recepcion, remoto=9633)
[RA][Nodo-3] SOLICITUD RA recibida de Nodo-1 (ts=9633)
[LAMPORT][Nodo-3] t=9635  evento=TICK (envio)
[LAMPORT][Nodo-3] t=9646  evento=UPDATE (recepcion, remoto=9645)
[RA][Nodo-3] SOLICITUD RA recibida de Nodo-2 (ts=9645)
[LAMPORT][Nodo-3] t=9647  evento=TICK (envio)
[LAMPORT][Nodo-3] t=9659  evento=UPDATE (recepcion, remoto=9658)
[RA][Nodo-3] SOLICITUD RA recibida de Nodo-2 (ts=9658)
[LAMPORT][Nodo-3] t=9660  evento=TICK (envio)
[LAMPORT][Nodo-3] t=9668  evento=UPDATE (recepcion, remoto=9667)
[RA][Nodo-3] SOLICITUD RA recibida de Nodo-1 (ts=9667)
[LAMPORT][Nodo-3] t=9669  evento=TICK (envio)
[LAMPORT][Nodo-3] t=9678  evento=UPDATE (recepcion, remoto=9677)
[RA][Nodo-3] SOLICITUD RA recibida de Nodo-2 (ts=9677)
[LAMPORT][Nodo-3] t=9679  evento=TICK (envio)
[LAMPORT][Nodo-3] t=9693  evento=UPDATE (recepcion, remoto=9692)
[RA][Nodo-3] SOLICITUD RA recibida de Nodo-2 (ts=9692)
[LAMPORT][Nodo-3] t=9694  evento=TICK (envio)
[LAMPORT][Nodo-3] t=9704  evento=UPDATE (recepcion, remoto=9703)
[RA][Nodo-3] SOLICITUD RA recibida de Nodo-1 (ts=9703)
[LAMPORT][Nodo-3] t=9705  evento=TICK (envio)
[LAMPORT][Nodo-3] t=9712  evento=UPDATE (recepcion, remoto=9711)
[RA][Nodo-3] SOLICITUD RA recibida de Nodo-2 (ts=9711)
[LAMPORT][Nodo-3] t=9713  evento=TICK (envio)
[LAMPORT][Nodo-3] t=9715  evento=UPDATE (recepcion, remoto=9714)
[LAMPORT][Nodo-3] t=9723  evento=UPDATE (recepcion, remoto=9722)
[LAMPORT][Nodo-3] t=9726  evento=UPDATE (recepcion, remoto=9725)
[RA][Nodo-3] SOLICITUD RA recibida de Nodo-2 (ts=9725)
[LAMPORT][Nodo-3] t=9727  evento=TICK (envio)
[LAMPORT][Nodo-3] t=9740  evento=UPDATE (recepcion, remoto=9739)
[RA][Nodo-3] SOLICITUD RA recibida de Nodo-1 (ts=9739)
[LAMPORT][Nodo-3] t=9741  evento=TICK (envio)
[LAMPORT][Nodo-3] t=9745  evento=UPDATE (recepcion, remoto=9744)
[RA][Nodo-3] SOLICITUD RA recibida de Nodo-2 (ts=9744)
[LAMPORT][Nodo-3] t=9746  evento=TICK (envio)
[LAMPORT][Nodo-3] t=9760  evento=UPDATE (recepcion, remoto=9759)
[RA][Nodo-3] SOLICITUD RA recibida de Nodo-2 (ts=9759)
[LAMPORT][Nodo-3] t=9761  evento=TICK (envio)
[LAMPORT][Nodo-3] t=9762  evento=TICK (envio)
[LAMPORT][Nodo-3] t=9775  evento=UPDATE (recepcion, remoto=9774)
[RA][Nodo-3] SOLICITUD RA recibida de Nodo-2 (ts=9774)
[LAMPORT][Nodo-3] t=9776  evento=TICK (envio)
[LAMPORT][Nodo-3] t=9790  evento=UPDATE (recepcion, remoto=9789)
[RA][Nodo-3] SOLICITUD RA recibida de Nodo-1 (ts=9789)
[LAMPORT][Nodo-3] t=9791  evento=TICK (envio)
[LAMPORT][Nodo-3] t=9798  evento=UPDATE (recepcion, remoto=9797)
[RA][Nodo-3] SOLICITUD RA recibida de Nodo-2 (ts=9797)
[LAMPORT][Nodo-3] t=9799  evento=TICK (envio)
[LAMPORT][Nodo-3] t=9811  evento=UPDATE (recepcion, remoto=9810)
[RA][Nodo-3] SOLICITUD RA recibida de Nodo-2 (ts=9810)
[LAMPORT][Nodo-3] t=9812  evento=TICK (envio)
[LAMPORT][Nodo-3] t=9826  evento=UPDATE (recepcion, remoto=9825)
[RA][Nodo-3] SOLICITUD RA recibida de Nodo-1 (ts=9825)
[LAMPORT][Nodo-3] t=9827  evento=TICK (envio)
[LAMPORT][Nodo-3] t=9834  evento=UPDATE (recepcion, remoto=9833)
[RA][Nodo-3] SOLICITUD RA recibida de Nodo-2 (ts=9833)
[LAMPORT][Nodo-3] t=9835  evento=TICK (envio)
[LAMPORT][Nodo-3] t=9843  evento=UPDATE (recepcion, remoto=9842)
[RA][Nodo-3] SOLICITUD RA recibida de Nodo-2 (ts=9842)
[LAMPORT][Nodo-3] t=9844  evento=TICK (envio)
[LAMPORT][Nodo-3] t=9864  evento=UPDATE (recepcion, remoto=9863)
[RA][Nodo-3] SOLICITUD RA recibida de Nodo-2 (ts=9863)
[LAMPORT][Nodo-3] t=9865  evento=TICK (envio)
[LAMPORT][Nodo-3] t=9873  evento=UPDATE (recepcion, remoto=9872)
[RA][Nodo-3] SOLICITUD RA recibida de Nodo-2 (ts=9872)
[LAMPORT][Nodo-3] t=9874  evento=TICK (envio)
[LAMPORT][Nodo-3] t=9882  evento=UPDATE (recepcion, remoto=9881)
[RA][Nodo-3] SOLICITUD RA recibida de Nodo-1 (ts=9881)
[LAMPORT][Nodo-3] t=9883  evento=TICK (envio)
[LAMPORT][Nodo-3] t=9901  evento=UPDATE (recepcion, remoto=9900)
[RA][Nodo-3] SOLICITUD RA recibida de Nodo-2 (ts=9900)
[LAMPORT][Nodo-3] t=9902  evento=TICK (envio)
[LAMPORT][Nodo-3] t=9910  evento=UPDATE (recepcion, remoto=9909)
[RA][Nodo-3] SOLICITUD RA recibida de Nodo-2 (ts=9909)
[LAMPORT][Nodo-3] t=9911  evento=TICK (envio)
[LAMPORT][Nodo-3] t=9927  evento=UPDATE (recepcion, remoto=9926)
[RA][Nodo-3] SOLICITUD RA recibida de Nodo-1 (ts=9926)
[LAMPORT][Nodo-3] t=9928  evento=TICK (envio)
[LAMPORT][Nodo-3] t=9937  evento=UPDATE (recepcion, remoto=9936)
[RA][Nodo-3] SOLICITUD RA recibida de Nodo-2 (ts=9936)
[LAMPORT][Nodo-3] t=9938  evento=TICK (envio)
[LAMPORT][Nodo-3] t=9946  evento=UPDATE (recepcion, remoto=9945)
[RA][Nodo-3] SOLICITUD RA recibida de Nodo-2 (ts=9945)
[LAMPORT][Nodo-3] t=9947  evento=TICK (envio)
[LAMPORT][Nodo-3] t=9965  evento=UPDATE (recepcion, remoto=9964)
[RA][Nodo-3] SOLICITUD RA recibida de Nodo-1 (ts=9964)
[LAMPORT][Nodo-3] t=9966  evento=TICK (envio)
[LAMPORT][Nodo-3] t=9973  evento=UPDATE (recepcion, remoto=9972)
[RA][Nodo-3] SOLICITUD RA recibida de Nodo-2 (ts=9972)
[LAMPORT][Nodo-3] t=9974  evento=TICK (envio)
[LAMPORT][Nodo-3] t=9982  evento=UPDATE (recepcion, remoto=9981)
[RA][Nodo-3] SOLICITUD RA recibida de Nodo-2 (ts=9981)
[LAMPORT][Nodo-3] t=9983  evento=TICK (envio)
[LAMPORT][Nodo-3] t=10000  evento=UPDATE (recepcion, remoto=9999)
[RA][Nodo-3] SOLICITUD RA recibida de Nodo-1 (ts=9999)
[LAMPORT][Nodo-3] t=10001  evento=TICK (envio)
[LAMPORT][Nodo-3] t=10008  evento=UPDATE (recepcion, remoto=10007)
[RA][Nodo-3] SOLICITUD RA recibida de Nodo-2 (ts=10007)
[LAMPORT][Nodo-3] t=10009  evento=TICK (envio)
[LAMPORT][Nodo-3] t=10023  evento=UPDATE (recepcion, remoto=10022)
[RA][Nodo-3] SOLICITUD RA recibida de Nodo-2 (ts=10022)
[LAMPORT][Nodo-3] t=10024  evento=TICK (envio)
[LAMPORT][Nodo-3] t=10032  evento=UPDATE (recepcion, remoto=10031)
[RA][Nodo-3] SOLICITUD RA recibida de Nodo-1 (ts=10031)
[LAMPORT][Nodo-3] t=10033  evento=TICK (envio)
[LAMPORT][Nodo-3] t=10043  evento=UPDATE (recepcion, remoto=10042)
[RA][Nodo-3] SOLICITUD RA recibida de Nodo-2 (ts=10042)
[LAMPORT][Nodo-3] t=10044  evento=TICK (envio)
[LAMPORT][Nodo-3] t=10058  evento=UPDATE (recepcion, remoto=10057)
[RA][Nodo-3] SOLICITUD RA recibida de Nodo-1 (ts=10057)
[LAMPORT][Nodo-3] t=10059  evento=TICK (envio)
[LAMPORT][Nodo-3] t=10066  evento=UPDATE (recepcion, remoto=10065)
[RA][Nodo-3] SOLICITUD RA recibida de Nodo-2 (ts=10065)
[LAMPORT][Nodo-3] t=10067  evento=TICK (envio)
[+] Cliente conectado: 127.0.0.1
[LAMPORT][Nodo-3] t=10077  evento=UPDATE (recepcion, remoto=10076)
[LAMPORT][Nodo-3] t=10078  evento=TICK (envio)
[RA][Nodo-3] SOLICITANDO SC (lamport=10078, esperando=2)
[LAMPORT][Nodo-3] t=10081  evento=UPDATE (recepcion, remoto=10080)
[RA][Nodo-3] RESPUESTA RA recibida de Nodo-1 (lamport=10081)
[RA][Nodo-3] ENTRANDO A SC (lamport=10081)
[LAMPORT][Nodo-3] t=10082  evento=UPDATE (recepcion, remoto=10080)
[RA][Nodo-3] RESPUESTA RA recibida de Nodo-2 (lamport=10082)
[RA][Nodo-3] SALIENDO DE SC (lamport=10082)
[LAMPORT][Nodo-3] t=10083  evento=TICK (envio)
[-] Cliente desconectado: 127.0.0.1
[LAMPORT][Nodo-3] t=10084  evento=UPDATE (recepcion, remoto=10082)
[RA][Nodo-3] SOLICITUD RA recibida de Nodo-2 (ts=10082)
[LAMPORT][Nodo-3] t=10085  evento=TICK (envio)
[LAMPORT][Nodo-3] t=10098  evento=UPDATE (recepcion, remoto=10097)
[RA][Nodo-3] SOLICITUD RA recibida de Nodo-2 (ts=10097)
[LAMPORT][Nodo-3] t=10099  evento=TICK (envio)
[+] Cliente conectado: 127.0.0.1
[LAMPORT][Nodo-3] t=10110  evento=UPDATE (recepcion, remoto=10109)
[LAMPORT][Nodo-3] t=10111  evento=TICK (envio)
[RA][Nodo-3] SOLICITANDO SC (lamport=10111, esperando=2)
[LAMPORT][Nodo-3] t=10114  evento=UPDATE (recepcion, remoto=10113)
[RA][Nodo-3] RESPUESTA RA recibida de Nodo-1 (lamport=10114)
[RA][Nodo-3] ENTRANDO A SC (lamport=10114)
[LAMPORT][Nodo-3] t=10115  evento=UPDATE (recepcion, remoto=10113)
[RA][Nodo-3] RESPUESTA RA recibida de Nodo-2 (lamport=10115)
[RA][Nodo-3] SALIENDO DE SC (lamport=10115)
[LAMPORT][Nodo-3] t=10116  evento=TICK (envio)
[-] Cliente desconectado: 127.0.0.1
[LAMPORT][Nodo-3] t=10120  evento=UPDATE (recepcion, remoto=10119)
[RA][Nodo-3] SOLICITUD RA recibida de Nodo-2 (ts=10119)
[LAMPORT][Nodo-3] t=10121  evento=TICK (envio)
[LAMPORT][Nodo-3] t=10129  evento=UPDATE (recepcion, remoto=10128)
[RA][Nodo-3] SOLICITUD RA recibida de Nodo-2 (ts=10128)
[LAMPORT][Nodo-3] t=10130  evento=TICK (envio)
[LAMPORT][Nodo-3] t=10155  evento=UPDATE (recepcion, remoto=10154)
[RA][Nodo-3] SOLICITUD RA recibida de Nodo-2 (ts=10154)
[LAMPORT][Nodo-3] t=10156  evento=TICK (envio)
[LAMPORT][Nodo-3] t=10175  evento=UPDATE (recepcion, remoto=10174)
[RA][Nodo-3] SOLICITUD RA recibida de Nodo-2 (ts=10174)
[LAMPORT][Nodo-3] t=10176  evento=TICK (envio)
[LAMPORT][Nodo-3] t=10184  evento=UPDATE (recepcion, remoto=10183)
[RA][Nodo-3] SOLICITUD RA recibida de Nodo-2 (ts=10183)
[LAMPORT][Nodo-3] t=10185  evento=TICK (envio)
[LAMPORT][Nodo-3] t=10208  evento=UPDATE (recepcion, remoto=10207)
[RA][Nodo-3] SOLICITUD RA recibida de Nodo-2 (ts=10207)
[LAMPORT][Nodo-3] t=10209  evento=TICK (envio)
[LAMPORT][Nodo-3] t=10219  evento=UPDATE (recepcion, remoto=10218)
[RA][Nodo-3] SOLICITUD RA recibida de Nodo-2 (ts=10218)
[LAMPORT][Nodo-3] t=10220  evento=TICK (envio)
[LAMPORT][Nodo-3] t=10229  evento=UPDATE (recepcion, remoto=10228)
[RA][Nodo-3] SOLICITUD RA recibida de Nodo-2 (ts=10228)
[LAMPORT][Nodo-3] t=10230  evento=TICK (envio)
